distance,soundIntensity
3,44.3770428385
3,44.3770428385
3,45.7616610423
3,44.8499978772
3,46.8651568461
3,46.8135301792
3,44.9393129497
3,46.4244106781
3,47.111671892
3,47.111671892
3,45.7788513169
3,44.928702145
3,47.5607386558
3,46.5178746069
3,46.5178746069
3,47.5322221467
3,53.4128179644
3,56.148605788
3,98.926822867
3,98.926822867
2.9958206879,83.9669939136
2.9958206879,71.0998563369
2.9958206879,82.8381299747
2.9958206879,82.8381299747
2.9958206879,67.9625020109
2.9958206879,115.284482937
2.9920251902,71.0849271929
2.9920251902,71.0849271929
2.9912575614,42.6600415789
2.9912575614,64.3285997422
2.9912575614,64.1990893763
2.9912575614,55.1679595422
2.9912575614,68.0806244864
2.9912575614,53.5817325247
2.9875047101,53.5328927716
2.9875047101,50.7319978127
2.9875047101,73.8497508239
2.9875047101,44.250179628
2.9875047101,52.0732740919
2.9875047101,54.8981767018
2.9838797963,44.6736063755
2.9838797963,65.6700107639
2.9838797963,65.6700107639
2.9838797963,50.4023472621
2.9838797963,53.4441261067
2.9838797963,53.4441261067
2.9799563618,50.3467063185
2.9799563618,52.2996985167
2.9799563618,50.8868850017
2.9799563618,64.4068798892
2.9799563618,51.5828657034
2.9799563618,56.5839916537
2.9756491193,68.4024692025
2.9756491193,50.8287615247
2.9756491193,40.6325514525
2.9756491193,54.2325892777
2.9756491193,54.2325892777
2.9756491193,46.7437093776
2.971597763,46.7437093776
2.971597763,45.5045378388
2.971597763,45.3471632907
2.971597763,50.4879062524
2.971597763,43.3694191066
2.971597763,46.0653824262
2.9675890645,44.5887671935
2.9675890645,56.4160504264
2.9675890645,56.4160504264
2.9675890645,43.9070722678
2.9675890645,47.3588594026
2.9675890645,48.4608934717
2.963793603,45.1240002383
2.963793603,44.1589790294
2.963793603,45.923870061
2.963793603,46.975387464
2.963793603,44.0082977475
2.963793603,43.1955078103
2.9598275757,40.6588235344
2.9598275757,53.2088599756
2.9598275757,42.8497345491
2.9598275757,43.2668992105
2.9598275757,47.3177212357
2.9598275757,47.3177212357
2.9559468395,52.7427146702
2.9559468395,52.7427146702
2.9559468395,43.4044435256
2.9559468395,39.7771666356
2.954582189,58.2086707283
2.954582189,47.4949724414
2.954582189,50.9951251604
2.954582189,50.9951251604
2.9504029512,45.2082515994
2.9504029512,45.2082515994
2.9504029512,41.1458687711
2.9504029512,48.1136431059
2.9490383066,54.2901988325
2.9490383066,43.034141855
2.9490383066,50.1677386252
2.9490383066,48.9201656984
2.9449017233,41.6640228155
2.9449017233,49.2393465829
2.9449017233,46.5088230026
2.9449017233,41.3755370325
2.9449017233,39.0321823209
2.9449017233,39.0321823209
2.940893085,48.8400986807
2.940893085,40.7557472315
2.940893085,52.0183975896
2.940893085,53.7748964903
2.940893085,42.0590184085
2.940893085,47.3752762936
2.9369270919,51.0329813865
2.9369270919,44.9996533503
2.9369270919,38.4064912088
2.9369270919,50.0452776665
2.9356051025,44.0057801209
2.9356051025,51.5271645414
2.9356051025,51.1495790777
2.9356051025,41.973533037
2.9315965062,41.973533037
2.9315965062,38.1863709004
2.9315965062,41.6949377511
2.9301892352,41.6949377511
2.9301892352,41.6949377511
2.9301892352,41.6949377511
2.9301892352,43.7804944562
2.9301892352,46.7232260599
2.926010073,44.1866886727
2.926010073,50.3892865493
2.926010073,50.3892865493
2.926010073,51.9857044627
2.926010073,51.7990039617
2.926010073,51.7404990463
2.9217456554,51.7404990463
2.9217456554,45.7675452321
2.9217456554,45.7675452321
2.9217456554,56.0601215296
2.9217456554,56.0601215296
2.9217456554,40.0642829201
2.9174812526,44.2482586819
2.9174812526,44.2482586819
2.9174812526,46.9906242729
2.9174812526,49.6532846113
2.9160739998,52.6224683268
2.9160739998,40.0328730969
2.9160739998,43.509481877
2.9160739998,42.3130270619
2.9118095906,42.060833235
2.9118095906,47.5750176334
2.9118095906,61.4076871671
2.9118095906,42.2225347388
2.9104876284,42.2225347388
2.9104876284,56.5661240639
2.9104876284,56.6816094753
2.9104876284,42.8405129335
2.9063511884,65.877206573
2.9063511884,44.7369935788
2.9063511884,44.7369935788
2.9063511884,46.2426689663
2.9063511884,47.0381665321
2.9063511884,53.7525764404
2.9020868586,49.3367817252
2.9020868586,49.5053461549
2.9020868586,54.1850767752
2.9020868586,51.1162027726
2.90067963,41.3817653386
2.90067963,51.8689776737
2.90067963,51.8689776737
2.90067963,44.8360301298
2.8964153013,44.8360301298
2.8964153013,50.8799784091
2.8964153013,48.8506027563
2.8964153013,46.3740504206
2.895008073,46.3740504206
2.895008073,43.5963633742
2.895008073,43.5963633742
2.895008073,44.5155639854
2.8907010769,54.0541362169
2.8907010769,44.2968382453
2.8907010769,44.3842898578
2.8907010769,48.2219145707
2.8892938231,51.0611506927
2.8892938231,40.0029791631
2.8892938231,47.9807681363
2.8892938231,49.8378744327
2.8849867667,49.8378744327
2.8849867667,49.5240835043
2.8849867667,46.7121304059
2.8849867667,40.2037539088
2.8835368691,50.488355255
2.8835368691,54.3591430253
2.8835368691,43.1958960161
2.8835368691,41.9863562622
2.8791018886,49.2628944062
2.8791018886,43.2865198868
2.8791018886,45.4044498044
2.8791018886,50.0842546564
2.8777372914,45.3812034564
2.8777372914,44.4179295431
2.8777372914,51.5830065131
2.8777372914,45.5316686927
2.8733023429,46.4337513603
2.8733023429,52.538270407
2.8733023429,43.1833337005
2.8733023429,43.8668339611
2.8718524561,54.3128655448
2.8718524561,42.0710781175
2.8718524561,49.8797001814
2.8718524561,50.5161442738
2.867502804,42.3268731033
2.867502804,52.0386733551
2.867502804,52.7344414673
2.867502804,44.4581488548
2.867502804,43.2355556713
2.867502804,52.3118531158
2.8631957963,44.3578169757
2.8631957963,41.0208171311
2.8631957963,58.2726282268
2.8631957963,47.5888883113
2.8616606283,47.5888883113
2.8616606283,49.9897199221
2.8616606283,49.4352578333
2.8616606283,43.8368481717
2.8572683594,49.1021928273
2.8572683594,52.1397315774
2.8572683594,43.8456757643
2.8572683594,57.395980641
2.8557758411,46.7882021202
2.8557758411,38.7000437974
2.8557758411,45.9590862589
2.8557758411,53.3674464417
2.8513835734,45.009153747
2.8513835734,54.1062397964
2.8513835734,40.8145336758
2.8513835734,50.5785265495
2.8513835734,50.5785265495
2.8513835734,56.4999941375
2.8469060025,44.6892843875
2.8469060025,45.9888358625
2.8469060025,45.0607728059
2.8469060025,45.0607728059
2.8469060025,52.9396116289
2.8469060025,47.0347900736
2.8423857889,42.8896852548
2.8423857889,56.0239710645
2.8423857889,56.0239710645
2.8423857889,51.4252527256
2.8409359121,52.6134909362
2.8409359121,52.6134909362
2.8409359121,48.4419645643
2.8409359121,50.4246051918
2.8364583518,49.8773136529
2.8364583518,45.7737722811
2.8364583518,54.4731728807
2.8364583518,46.890406812
2.8349658262,44.4613763124
2.8349658262,54.0070951272
2.8349658262,53.9856735085
2.8349658262,47.3181221104
2.8304882584,57.299470923
2.8304882584,47.9741106254
2.8304882584,51.434403572
2.8304882584,49.8026833701
2.8304882584,47.6679620598
2.8304882584,45.7069865428
2.8259680145,48.7236646487
2.8259680145,48.7236646487
2.8259680145,44.5951108857
2.8259680145,46.445859146
2.8259680145,46.1817846799
2.8259680145,38.9266748262
2.8214477555,54.9886213775
2.8214477555,39.6916821559
2.8214477555,40.6315483883
2.8214477555,58.9611616896
2.8199552148,48.6516414378
2.8199552148,45.3473404535
2.8199552148,53.5859023626
2.8199552148,48.0849687909
2.8153496609,44.8408838045
2.8153496609,51.4563133901
2.8153496609,51.342014033
2.8153496609,37.4539693251
2.8138997596,50.5599041994
2.8138997596,42.760705952
2.8138997596,50.948161887
2.8138997596,60.9925255768
2.8093794795,43.1356205798
2.8093794795,42.8987843558
2.8093794795,56.1090072594
2.8093794795,44.7474036655
2.8093794795,44.2156171637
2.8093794795,53.1295041498
2.8047739352,42.1484365629
2.8047739352,47.3364703461
2.8047739352,47.2475533679
2.8047739352,44.3208047877
2.8047739352,49.2442494245
2.8047739352,40.0905060094
2.8001683759,42.6789729614
2.8001683759,56.1150671776
2.8001683759,50.8951213403
2.8001683759,42.7275932432
2.8001683759,48.4775728128
2.8001683759,42.7073320788
2.7956054246,39.2019936747
2.7956054246,47.8431054557
2.7956054246,47.8431054557
2.7956054246,42.6473018835
2.7956054246,41.3621151136
2.7956054246,41.3621151136
2.7910851398,44.5056861849
2.7910851398,47.9203630404
2.7910851398,52.9515312984
2.7910851398,44.929544641
2.7910851398,43.5929379319
2.7910851398,48.417591331
2.786650144,38.4404353318
2.786650144,58.5288322891
2.786650144,56.7683708671
2.786650144,43.3396800977
2.786650144,53.7036725085
2.786650144,51.8699837047
2.7820872471,54.2253566027
2.7820872471,49.9997820725
2.7820872471,62.5695522026
2.7820872471,51.7188667612
2.7820872471,53.9934132341
2.7820872471,65.6312879087
2.777396436,45.2327531295
2.777396436,40.6201975401
2.777396436,59.9094891618
2.777396436,44.0112514798
2.777396436,62.5184309151
2.777396436,48.979933779
2.7728761767,47.5262244637
2.7728761767,61.9990093041
2.7728761767,41.3375943981
2.7728761767,48.1934087462
2.7713836192,48.1934087462
2.7713836192,54.7235917375
2.7713836192,39.0868193742
2.7713836192,45.0116540515
2.7666927177,49.3430151514
2.7666927177,51.9266739691
2.7666927177,44.1133898571
2.7666927177,47.0153511187
2.7666927177,49.7990365788
2.7666927177,51.189164917
2.7621297504,45.4644903106
2.7621297504,49.0345952658
2.7621297504,50.8674318895
2.7621297504,40.9021234954
2.7621297504,47.6951520389
2.7621297504,56.0571042072
2.7573962268,43.7553039568
2.7573962268,44.741494834
2.7573962268,61.9835082184
2.7573962268,43.2175338817
2.7573962268,47.1627426422
2.7573962268,56.7628024337
2.7527906516,56.7628024337
2.7527906516,44.2496105681
2.7527906516,43.5123360033
2.7527906516,43.5123360033
2.7527906516,59.0358610347
2.7527906516,59.0358610347
2.7481850483,56.6849820829
2.7481850483,48.1998702458
2.7481850483,62.8776270779
2.7481850483,44.5105036562
2.7481850483,49.3208698247
2.7481850483,43.9157242656
2.7434088402,43.9157242656
2.7434088402,44.9070996786
2.7434088402,50.3718183767
2.7434088402,44.6686231153
2.7434088402,55.4500680627
2.7434088402,41.2407079444
2.7388032051,42.2194160367
2.7388032051,49.1626703622
2.7388032051,45.7867933301
2.7388032051,40.3924956837
2.7388032051,40.3924956837
2.7388032051,44.617334079
2.734026961,41.9628714983
2.734026961,50.6034265302
2.734026961,50.6034265302
2.734026961,43.711506432
2.734026961,54.3909753626
2.734026961,47.7704772228
2.729293374,49.6649733289
2.729293374,47.6100822195
2.729293374,41.2583220599
2.729293374,52.2241305198
2.729293374,53.1249799411
2.729293374,48.7355481408
2.7245597757,48.218266788
2.7245597757,47.6422211076
2.7245597757,52.901428392
2.7245597757,44.2425163863
2.7245597757,44.2425163863
2.7245597757,48.8086956483
2.7198688064,52.8273806586
2.7198688064,42.6514592405
2.7198688064,42.2574875621
2.7198688064,55.6741687533
2.7198688064,47.5973607514
2.7198688064,42.6059204421
2.7150925368,42.6059204421
2.7150925368,43.2009119457
2.7150925368,56.3309995638
2.7150925368,50.0160200484
2.7150925368,39.5769190334
2.7150925368,46.8538843271
2.7102736172,43.7595850934
2.7102736172,44.5625985539
2.7102736172,51.5109361048
2.7102736172,38.3211673485
2.7102736172,38.2061083368
2.7102736172,38.2061083368
2.7054120577,48.6702718376
2.7054120577,48.7081745824
2.7054120577,65.9298254246
2.7054120577,46.9595629969
2.7038341832,50.3137715565
2.7038341832,50.3137715565
2.7038341832,46.3997607755
2.7038341832,59.1388277192
2.6991005549,44.1087130222
2.6991005549,45.602785499
2.6991005549,52.0626749706
2.6991005549,51.4234763642
2.6991005549,46.3991077162
2.6991005549,65.4066553393
2.6943669174,57.0681629977
2.6943669174,42.7370519907
2.6943669174,62.30037498
2.6943669174,44.9915798089
2.6943669174,43.5947595276
2.6943669174,56.6395280336
2.6894626939,52.4109386285
2.6894626939,45.1132461838
2.6894626939,40.9018648938
2.6894626939,56.1902883463
2.6894626939,56.1902883463
2.6894626939,41.877827147
2.6846011208,42.3354298566
2.6846011208,59.5273164997
2.6846011208,46.9775898771
2.6846011208,51.7291150759
2.6846011208,50.4549236062
2.6846011208,41.113340972
2.6798248133,50.4465424614
2.6798248133,41.6925835057
2.6798248133,41.6944601987
2.6798248133,54.8982241142
2.6798248133,48.9395386844
2.6798248133,44.4988190293
2.6749632074,56.3529075613
2.6749632074,49.2600321704
2.6749632074,48.5624710039
2.6749632074,58.7665172599
2.6749632074,42.7843785128
2.6749632074,47.6683124592
2.6702295177,54.3634096569
2.6702295177,48.6002845792
2.6702295177,52.9537881821
2.6702295177,53.9558222891
2.6702295177,53.9558222891
2.6702295177,57.9121054751
2.6654958193,53.6040565245
2.6654958193,46.3267033893
2.6654958193,54.3657536719
2.6654958193,47.8725146013
2.6654958193,41.11344918
2.6654958193,51.2005816977
2.6605062475,43.0016088366
2.6605062475,47.2775177587
2.6605062475,47.2775177587
2.6605062475,44.6265915287
2.6588857051,49.8344349451
2.6588857051,51.4083419147
2.6588857051,48.6640879297
2.6588857051,49.6777090765
2.6538961406,42.4661907504
2.6538961406,42.2847254985
2.6538961406,48.6991508777
2.6538961406,41.5477309932
2.6538961406,51.9186963545
2.6538961406,50.5871894311
2.6489492127,52.8631661024
2.6489492127,52.8631661024
2.6489492127,54.9331763525
2.6489492127,47.9554409719
2.6489492127,45.5137991268
2.6489492127,43.3342477506
2.6440449272,43.9319205317
2.6440449272,59.1398500851
2.6440449272,41.9714585975
2.6440449272,59.9683043108
2.6440449272,42.9934369503
2.6440449272,48.8218298746
2.6390979957,48.5057738591
2.6390979957,42.662472075
2.6390979957,42.662472075
2.6390979957,52.7236324275
2.6390979957,43.3453968876
2.6390979957,55.2638949238
2.6341510701,45.9242802764
2.6341510701,46.8799261729
2.6341510701,51.1546763659
2.6341510701,45.3584227192
2.6324452353,39.1473238161
2.6324452353,60.0858435093
2.6324452353,41.7267693184
2.6324452353,55.9205623204
2.6274556685,43.0007251821
2.6274556685,43.6632137688
2.6274556685,52.6378290314
2.6274556685,45.453444155
2.6257498307,42.1373533172
2.6257498307,61.8468209182
2.6257498307,45.6928722158
2.6257498307,42.8440120963
2.6208028994,60.111874176
2.6208028994,41.031710107
2.6208028994,50.8026992808
2.6208028994,50.8026992808
2.6208028994,43.7465548393
2.6208028994,42.2503268615
2.6158133165,48.4253988866
2.6158133165,48.5785457587
2.6158133165,42.4534006845
2.6158133165,50.7624946676
2.6158133165,45.792576722
2.6158133165,44.8034479677
2.6107810901,53.555354092
2.6107810901,54.6842569953
2.6107810901,40.6142260093
2.6107810901,45.9169304506
2.6090752512,43.5472352717
2.6090752512,43.5472352717
2.6090752512,55.1335774767
2.6090752512,45.0923999358
2.6040003789,50.5159390314
2.6040003789,50.4031582925
2.6040003789,44.3087919598
2.6040003789,45.2323165151
2.6023798324,40.4793335145
2.6023798324,53.7540456104
2.6023798324,47.6815762032
2.6023798324,42.8451755536
2.5972623175,51.5538649529
2.5972623175,39.929961339
2.5972623175,54.1287175733
2.5972623175,54.1287175733
2.5972623175,40.4611884704
2.5972623175,40.7517651969
2.5921874503,51.3135599296
2.5921874503,44.0404910627
2.5921874503,41.0798891239
2.5921874503,47.5453520683
2.5921874503,40.2753542737
2.5921874503,45.4145101284
2.5870699354,47.7430373339
2.5870699354,50.8309018956
2.5870699354,50.8309018956
2.5870699354,43.2138052526
2.5853214496,44.1638803575
2.5853214496,48.5308809457
2.5853214496,44.6732546292
2.5853214496,54.7981416482
2.580331868,52.7719610068
2.580331868,52.7719610068
2.580331868,42.8571940572
2.580331868,43.3536603801
2.5785833832,53.0223151971
2.5785833832,44.4955782384
2.5785833832,39.5462540993
2.5785833832,39.1585911354
2.5736364522,39.1585911354
2.5736364522,58.7893409125
2.5736364522,53.1256099169
2.5736364522,38.5191069441
2.5736364522,55.5220093657
2.5736364522,41.2754866687
2.5685615817,47.0068586628
2.5685615817,47.0068586628
2.5685615817,45.2914250622
2.5685615817,45.6038139642
2.5685615817,45.1698320757
2.5685615817,45.1698320757
2.5635293589,50.8970710649
2.5635293589,47.4247287972
2.5635293589,48.1526335318
2.5635293589,55.2421142425
2.5617382309,44.5696840538
2.5617382309,49.1275555229
2.5617382309,44.8595382793
2.5617382309,44.8595382793
2.556706019,43.6907624901
2.556706019,50.6476115465
2.556706019,49.8250118157
2.556706019,57.4541013071
2.5550428295,46.1924899044
2.5550428295,44.8288907589
2.5550428295,39.6774158538
2.5550428295,46.5847166437
2.5498826776,45.6155856625
2.5498826776,45.6155856625
2.5498826776,46.7780975718
2.5498826776,51.5272190402
2.5498826776,43.3968378486
2.5498826776,43.3968378486
2.5447651717,43.0420191688
2.5447651717,43.5444405164
2.5447651717,43.4791721732
2.5447651717,45.5618557783
2.5447651717,48.6666268163
2.5447651717,52.1695192597
2.5397329627,40.3475107159
2.5397329627,53.7389610135
2.5397329627,53.7389610135
2.5397329627,60.6123589973
2.5380697734,40.6916473197
2.5380697734,41.8436396801
2.5380697734,56.3251723614
2.5380697734,47.2068503904
2.532909615,58.8582229906
2.532909615,40.6369955447
2.532909615,42.166710448
2.532909615,42.166710448
2.5311611288,52.0829515937
2.5311611288,52.5071346083
2.5311611288,48.0133579567
2.5311611288,42.2067051057
2.5259583151,46.4849847903
2.5259583151,52.2266587608
2.5259583151,52.2266587608
2.5242524759,56.7945563602
2.5242524759,41.555294523
2.5242524759,41.555294523
2.5242524759,48.9429209695
2.5242524759,45.0182353363
2.5190923139,45.0182353363
2.5190923139,54.4981148349
2.5190923139,49.4611121847
2.5190923139,46.5475851642
2.5173438292,44.9577423712
2.5173438292,44.1967983052
2.5173438292,44.1967983052
2.5173438292,49.1183400064
2.5122689609,54.6451299327
2.5122689609,56.8374693726
2.5122689609,47.2371033823
2.5122689609,49.4451305468
2.5122689609,49.4451305468
2.5122689609,45.6318095066
2.5070661514,43.8757719884
2.5070661514,44.3110453983
2.5070661514,51.4854593358
2.5070661514,42.6064417611
2.5053176642,52.2314984321
2.5053176642,46.319619317
2.5053176642,45.8410537988
2.5053176642,46.9276554522
2.5002854329,46.0009048677
2.5002854329,46.0009048677
2.5002854329,53.9833236189
2.5002854329,47.4779464095
2.4985369464,48.8020729183
2.4985369464,45.7813647018
2.4985369464,50.125604699
2.4985369464,59.1801925937
2.4932914858,43.0790175185
2.4932914858,47.8355875519
2.4932914858,41.6548287825
2.4932914858,41.6548287825
2.491542998,53.4603023538
2.491542998,42.3563857001
2.491542998,48.1094886252
2.491542998,57.1661023121
2.486382827,44.7004617858
2.486382827,57.4216382026
2.486382827,45.8046075036
2.486382827,45.8046075036
2.486382827,46.4644465306
2.486382827,52.8774453931
2.4811373636,52.8774453931
2.4811373636,54.5337324546
2.4811373636,41.9214448608
2.4811373636,38.7357835826
2.4794315219,49.3784538895
2.4794315219,51.5504893577
2.4794315219,50.4589534363
2.4794315219,40.4431019404
2.4741860588,41.6879157923
2.4741860588,41.433745574
2.4741860588,41.433745574
2.4741860588,58.4202233576
2.4724802173,48.1443338865
2.4724802173,47.7250152334
2.4724802173,43.9567518873
2.4724802173,47.8831796705
2.4673200467,52.7096669667
2.4673200467,46.5785943775
2.4673200467,42.4938919257
2.4673200467,42.2646145975
2.4673200467,42.2646145975
2.4673200467,42.5090199819
2.4621598757,48.3510104256
2.4621598757,57.4106254985
2.4621598757,53.506721781
2.4621598757,43.0706460787
2.4621598757,46.2836566832
2.4621598757,46.9688939067
2.4569570603,44.4487825131
2.4569570603,53.2595454848
2.4569570603,42.9780720466
2.4569570603,42.9780720466
2.4569570603,37.1929812014
2.4569570603,54.5661063697
2.4517542468,44.2589493175
2.4517542468,50.527429251
2.4517542468,51.5375823354
2.4517542468,51.1269027519
2.4499631148,48.7009620167
2.4499631148,55.8506545261
2.4499631148,42.935155577
2.4499631148,51.6589723284
2.4482572756,51.6589723284
2.4482572756,37.862982462
2.4482572756,46.5832559566
2.4482572756,46.9512956311
2.4430971139,50.3268560689
2.4430971139,57.715528868
2.4430971139,44.972939108
2.4430971139,44.1495761215
2.4378516664,44.1495761215
2.4378516664,50.0070142317
2.4378516664,50.4910692672
2.4378516664,50.4910692672
2.4378516664,46.4739437486
2.4378516664,45.2636743337
2.4325209271,40.6532481006
2.4325209271,43.6597573127
2.4325209271,55.8550224437
2.4325209271,42.9085042492
2.4325209271,57.9150692207
2.4325209271,55.5412158972
2.4273181331,47.0199686288
2.4273181331,47.0199686288
2.4273181331,53.1384153199
2.4273181331,41.7470117632
2.4255270194,45.4871323064
2.4255270194,55.5665843188
2.4255270194,44.788484954
2.4255270194,52.6798431677
2.4203242653,52.6798431677
2.4203242653,40.4192844558
2.4203242653,55.8384250194
2.4203242653,55.8384250194
2.4185331517,48.979859829
2.4185331517,41.8871240358
2.4185331517,49.2097866531
2.4185331517,45.9200635082
2.4134156804,57.6447493299
2.4134156804,40.6679866886
2.4134156804,49.5495805204
2.4134156804,46.8991350081
2.4134156804,55.0166599534
2.4134156804,42.4058514654
2.4079570491,42.4058514654
2.4079570491,49.3488450882
2.4079570491,45.7468126452
2.4079570491,46.5627636088
2.4079570491,49.992695017
2.4079570491,43.8852720079
2.402626379,49.8689017943
2.402626379,45.2860238633
2.402626379,50.7751888656
2.402626379,52.828547554
2.4008779193,52.828547554
2.4008779193,47.4580464638
2.4008779193,46.0456538881
2.4008779193,45.0068698174
2.3955046045,42.1956342644
2.3955046045,43.1527933448
2.3955046045,53.8915919192
2.3955046045,51.3257501434
2.3937987938,43.4108739254
2.3937987938,41.3357051419
2.3937987938,46.4129601538
2.3937987938,46.4129601538
2.3885107701,57.2677481058
2.3885107701,46.8546148058
2.3885107701,47.5166831129
2.3885107701,50.1146609449
2.3885107701,44.1275885818
2.3885107701,54.7607515251
2.3833080227,37.1162928395
2.3833080227,49.7039998432
2.3833080227,48.2981754592
2.3833080227,48.2981754592
2.3833080227,46.4099454205
2.3833080227,49.0528439291
2.3780199846,39.5074966598
2.3780199846,48.8125622269
2.3780199846,44.2504935019
2.3780199846,54.0582530587
2.3762715272,44.8052342409
2.3762715272,46.7023116217
2.3762715272,44.1535471446
2.3762715272,44.1535471446
2.3709408704,45.9035337663
2.3709408704,54.8211755332
2.3709408704,41.7547655181
2.3709408704,45.5110614303
2.3691497758,40.8425410388
2.3691497758,52.9757875135
2.3691497758,43.4204864461
2.3691497758,49.1861532794
2.3639044401,53.089313329
2.3639044401,45.6510608311
2.3639044401,45.6510608311
2.3639044401,40.2843273599
2.3639044401,43.5093741491
2.3639044401,57.1479144894
2.3585738646,42.1063816969
2.3585738646,43.0936279199
2.3585738646,50.859683548
2.3585738646,41.7190050269
2.3585738646,45.4683896894
2.3585738646,42.4801285861
2.3533712236,52.0033306754
2.3533712236,45.5070140269
2.3533712236,45.5070140269
2.3533712236,48.4053185258
2.3515801408,46.7528838521
2.3515801408,45.977658825
2.3515801408,47.0871196613
2.3515801408,43.0948289361
2.3464201102,55.4787016335
2.3464201102,45.4865315473
2.3464201102,44.7650333013
2.3464201102,55.3486037022
2.3447143067,55.3486037022
2.3447143067,41.8729339214
2.3447143067,41.8729339214
2.3447143067,50.8489927657
2.3393836589,42.4885857273
2.3393836589,44.1881070724
2.3393836589,42.2770651857
2.3393836589,46.4794021483
2.3393836589,48.1573751687
2.3393836589,53.2927664822
2.3340103439,52.0201667415
2.3340103439,49.1454016421
2.3340103439,49.1454016421
2.3340103439,41.7272781618
2.3340103439,45.3433335492
2.3340103439,48.0083828082
2.3286796501,46.0739014776
2.3286796501,40.4970004874
2.3286796501,51.4709783026
2.3286796501,41.874488114
2.3268458931,40.4624135927
2.3268458931,48.9211855901
2.3268458931,48.9211855901
2.3268458931,49.6428645561
2.3214725542,43.1709705237
2.3214725542,45.8291598713
2.3214725542,49.5965606762
2.3214725542,44.0075458108
2.3196814344,44.6313265342
2.3196814344,45.098705684
2.3196814344,45.2309227687
2.3196814344,50.1565311953
2.3143933666,41.692001239
2.3143933666,46.2969936852
2.3143933666,46.2969936852
2.3143933666,48.7532536531
2.3143933666,48.7532536531
2.3143933666,40.7985561315
2.3089347124,48.930273957
2.3089347124,42.9116018095
2.3089347124,44.9830148714
2.3089347124,55.6648319213
2.3089347124,48.4773539712
2.3089347124,42.777591629
2.3036466347,42.777591629
2.3036466347,51.4282767631
2.3036466347,47.1051483825
2.3036466347,43.478440287
2.3017702224,43.478440287
2.3017702224,50.9997005061
2.3017702224,42.1628672331
2.3017702224,57.0907042327
2.2981879809,44.2520518823
2.2981879809,51.4362670301
2.2981879809,39.9864811982
2.2981879809,39.9864811982
2.2928146001,52.8300709552
2.2928146001,42.6516108083
2.2928146001,53.8855062778
2.2928146001,48.627737713
2.2928146001,40.9318090772
2.2928146001,50.0738781591
2.2873985664,49.9415580283
2.2873985664,36.3914948911
2.2873985664,56.8450827458
2.2873985664,56.8450827458
2.2873985664,47.1726885162
2.2873985664,44.8135621623
2.2820251913,42.3888480713
2.2820251913,49.8159920274
2.2820251913,46.1091179167
2.2820251913,53.6999612528
2.2820251913,44.3146002934
2.2820251913,44.0112713904
2.2766944684,40.4581810238
2.2766944684,50.0761249844
2.2766944684,50.0761249844
2.2766944684,57.7421323573
2.2766944684,43.776783942
2.2766944684,44.1063212905
2.2714063825,56.0377914766
2.2714063825,45.245486862
2.2714063825,48.666200568
2.2714063825,43.1473120314
2.2695299693,46.0725535723
2.2695299693,46.4817570526
2.2695299693,46.4817570526
2.2695299693,44.9923016311
2.264113966,49.8878692628
2.264113966,42.6820244911
2.264113966,46.4943163923
2.264113966,48.1987029988
2.264113966,50.1591384987
2.264113966,48.7224767927
2.2587405978,39.8152425769
2.2587405978,50.3776864861
2.2587405978,50.519258139
2.2587405978,50.519258139
2.2587405978,46.8057471824
2.2587405978,46.8057471824
2.2533672153,44.394266469
2.2533672153,48.1459609447
2.2533672153,57.3496555926
2.2533672153,54.4054439632
2.2533672153,47.4911243778
2.2533672153,43.3169448969
2.2478658927,44.8630889432
2.2478658927,51.5670927102
2.2478658927,51.5670927102
2.2478658927,49.6853770637
2.2478658927,47.1914242779
2.2478658927,42.0097212014
2.2424072079,45.8437795081
2.2424072079,59.0233450182
2.2424072079,43.330315553
2.2424072079,44.9306412321
2.2424072079,52.7544178104
2.2424072079,40.0152208678
2.2369058727,40.0152208678
2.2369058727,54.1793040901
2.2369058727,57.2151582763
2.2369058727,47.4514855869
2.2369058727,43.1156331518
2.2369058727,40.4631861371
2.2314898309,51.9249136741
2.2314898309,42.9318451645
2.2314898309,43.0806535557
2.2314898309,47.6249990238
2.2314898309,49.1674101763
2.2314898309,49.1674101763
2.22603115,49.3097475594
2.22603115,52.9457945953
2.22603115,48.3686780291
2.22603115,39.3570190875
2.22603115,39.3570190875
2.22603115,41.0450209051
2.2207003989,45.9143390851
2.2207003989,42.0642308645
2.2207003989,42.0642308645
2.2188666221,52.5556329907
2.2188666221,52.5556329907
2.2188666221,41.6462015641
2.2188666221,46.3135571084
2.2188666221,48.2963765913
2.2133652953,51.1776750547
2.2133652953,42.2221035845
2.2133652953,42.2221035845
2.2133652953,44.6240514493
2.2133652953,42.0872991694
2.2133652953,47.1396768856
2.2080345675,65.4916670998
2.2080345675,65.4916670998
2.2080345675,46.1212332436
2.2080345675,42.4475249208
2.2080345675,43.4641510978
2.2080345675,49.6997890441
2.2024906108,49.160957063
2.2024906108,50.350593954
2.2024906108,46.7486051158
2.2024906108,50.5751037154
2.2024906108,50.1076221852
2.2024906108,50.1076221852
2.1969040116,43.5571976139
2.1969040116,58.766082142
2.1969040116,43.1833507813
2.1969040116,43.1076791317
2.1969040116,43.1076791317
2.1969040116,46.448699737
2.1914453568,46.7780605418
2.1914453568,45.4989062656
2.1914453568,48.5062839835
2.1914453568,41.3371952479
2.1914453568,41.3371952479
2.1914453568,50.1097899842
2.1860293555,41.8984062977
2.1860293555,43.323761337
2.1860293555,48.5221869162
2.1860293555,48.3621673066
2.1860293555,41.0555959956
2.1860293555,41.4523329551
2.1806560081,52.9564266582
2.1806560081,40.2398389456
2.1806560081,40.2398389456
2.1806560081,60.4985635481
2.1806560081,44.5366529751
2.1806560081,41.1817013136
2.1751973699,51.4818320995
2.1751973699,51.8752554888
2.1751973699,46.4835586853
2.1751973699,46.7605530323
2.1751973699,47.6932071074
2.1751973699,53.0187181966
2.1696960702,39.1966148153
2.1696960702,39.1966148153
2.1696960702,45.1359578518
2.1696960702,47.7910789099
2.1678622983,50.788049197
2.1678622983,44.687296851
2.1678622983,43.9424380907
2.1678622983,49.4427848365
2.1623183368,59.8160119224
2.1623183368,53.7277251389
2.1623183368,51.7774045995
2.1623183368,45.2468454567
2.1623183368,45.2468454567
2.1623183368,42.5525091848
2.1568170184,51.0597155428
2.1568170184,48.3898792452
2.1568170184,46.1342504314
2.1568170184,45.739106841
2.1568170184,41.50237846
2.1568170184,41.8018844285
2.1513156976,49.639200191
2.1513156976,43.4603546384
2.1513156976,43.4603546384
2.1513156976,42.686759141
2.1513156976,42.9510148849
2.1513156976,49.8484228322
2.1456864447,49.6578792112
2.1456864447,49.4430714816
2.1456864447,40.0109285403
2.1456864447,48.2478436305
2.1456864447,41.5153755446
2.1456864447,54.6324223139
2.1402704374,54.6324223139
2.1402704374,43.6657508278
2.1402704374,43.0336062889
2.1402704374,53.4768281389
2.1402704374,45.8768460292
2.1402704374,43.8665154865
2.134854442,49.3913331017
2.134854442,45.9311996067
2.134854442,48.1521109254
2.134854442,55.8148016182
2.1329780388,50.0142637445
2.1329780388,50.0142637445
2.1329780388,46.4798161399
2.1329780388,50.1840881594
2.1273061791,56.3059444995
2.1273061791,46.2832212675
2.1273061791,47.3538931022
2.1273061791,58.1201660496
2.1273061791,47.8286043068
2.1273061791,46.7951821496
2.1218475347,47.2644093014
2.1218475347,47.2644093014
2.1218475347,42.9407565977
2.1218475347,39.0382274361
2.1218475347,49.1967956397
2.1218475347,45.2470762528
2.1163036077,45.4646916809
2.1163036077,56.2866251015
2.1163036077,45.7062043695
2.1163036077,40.4702852043
2.1144272018,40.7450814635
2.1144272018,44.8683627129
2.1144272018,44.8683627129
2.1144272018,41.1990397222
2.1088832798,57.1245422616
2.1088832798,41.8854962074
2.1088832798,45.9694753136
2.1088832798,40.7983267106
2.1070921698,43.3941142419
2.1070921698,49.29531834
2.1070921698,49.29531834
2.1070921698,41.9417520497
2.1015908985,45.2818708368
2.1015908985,45.2818708368
2.1015908985,46.0488778387
2.1015908985,42.129616859
2.1015908985,58.4632265927
2.1015908985,42.7347922177
2.0960896057,45.2898795627
2.0960896057,50.3912365982
2.0960896057,48.9781190395
2.0960896057,42.4822063695
2.0960896057,54.8855421369
2.0960896057,48.2180118436
2.0904603721,48.2180118436
2.0904603721,45.1023905063
2.0904603721,60.3237167106
2.0904603721,43.8617297487
2.0886266079,46.6608106947
2.0886266079,54.2490348815
2.0886266079,45.0224683066
2.0886266079,40.6115851368
2.0829973746,57.9006138987
2.0829973746,57.9006138987
2.0829973746,45.3508798892
2.0829973746,45.3508798892
2.0810783153,48.3950339243
2.0810783153,60.8277495956
2.0810783153,52.5403697897
2.0810783153,49.5911699647
2.0756623003,49.2376476779
2.0756623003,40.7758883726
2.0756623003,49.7741059217
2.0756623003,47.9507665824
2.0756623003,47.9507665824
2.0737858835,47.9507665824
2.0737858835,42.2629904217
2.0737858835,51.5924643753
2.0681992823,51.5924643753
2.0681992823,61.1934704298
2.0681992823,41.9502882769
2.0681992823,47.1677386228
2.0664081628,44.6231301856
2.0664081628,39.9725102296
2.0664081628,42.9648500248
2.0664081628,44.4426623672
2.0610348046,44.4426623672
2.0610348046,45.2894981171
2.0610348046,39.1834078177
2.0610348046,46.1334605305
2.0592436878,48.1987685105
2.0592436878,47.9718476461
2.0592436878,50.4513620968
2.0592436878,37.4495402514
2.0536144684,37.4495402514
2.0536144684,45.8516138983
2.0536144684,39.1233041183
2.0536144684,48.853427679
2.0536144684,48.853427679
2.0536144684,57.9203257599
2.0481131861,46.4034936649
2.0481131861,50.3944499745
2.0481131861,46.7112877711
2.0481131861,51.5441880438
2.0462794334,37.7977829508
2.0462794334,56.9772393254
2.0462794334,49.861947017
2.0462794334,43.3474683213
2.0406502506,43.3474683213
2.0406502506,51.9834070869
2.0406502506,43.3962915902
2.0406502506,39.5515274211
2.0387738564,47.2637563228
2.0387738564,51.8030249262
2.0387738564,51.8030249262
2.0387738564,54.671989326
2.0332299706,44.6808325056
2.0332299706,60.3230714695
2.0332299706,60.3230714695
2.0332299706,40.912964511
2.0332299706,42.6505037227
2.0332299706,42.2989036858
2.0277287249,50.9389564856
2.0277287249,55.6064496093
2.0277287249,39.4271525585
2.0277287249,48.0616751152
2.0277287249,41.1277108945
2.0277287249,52.2523130767
2.0221421579,43.305862802
2.0221421579,43.305862802
2.0221421579,58.7406310319
2.0221421579,44.9618293864
2.0203084008,37.6508394356
2.0203084008,43.0843748676
2.0203084008,65.6021183008
2.0203084008,36.8948911493
2.0148497805,36.8948911493
2.0148497805,45.8059315715
2.0148497805,56.2286744958
2.0148497805,46.298218938
2.013016019,57.4271490422
2.013016019,44.2727118869
2.013016019,50.5327897089
2.013016019,41.9859576624
2.0074720811,52.7642421374
2.0074720811,44.1262927821
2.0074720811,50.2596521456
2.0074720811,49.68367648
2.0074720811,49.7831720672
2.0074720811,46.9930908031
2.0019707711,46.9930908031
2.0019707711,50.738325654
2.0019707711,47.5128685029
2.0019707711,43.1788884716
2.0019707711,44.9228450761
2.0019707711,41.5518963614
1.9964268041,55.4730822712
1.9964268041,44.8809071941
1.9964268041,47.8768610011
1.9964268041,47.3314572117
1.9945930275,47.3314572117
1.9945930275,48.1837345464
1.9945930275,51.3091469887
1.9945930275,40.8453882926
1.9945930275,44.841172407
1.9945930275,38.7722200486
1.9945930275,56.6651964221
1.9945930275,44.0302361827
1.9852535579,54.9709799281
1.9852535579,48.0968914302
1.9852535579,54.6150684144
1.9852535579,54.6150684144
1.9852535579,42.9383843464
1.9852535579,51.9608966788
1.9797948709,47.1289672596
1.9797948709,51.4101720765
1.9797948709,42.7623254791
1.9797948709,50.9505493311
1.9797948709,41.6960430874
1.9797948709,48.3570026022
1.9742508853,45.0932260112
1.9742508853,43.5752332443
1.9742508853,43.5752332443
1.9742508853,42.7950751022
1.9742508853,51.6498619629
1.9742508853,39.787255008
1.968877489,42.1585052788
1.968877489,42.9320727565
1.968877489,45.9523834898
1.968877489,47.6316633299
1.9670437109,49.8638713756
1.9670437109,44.0891178675
1.9670437109,42.9406832355
1.9670437109,42.9406832355
1.9615423766,51.8340828118
1.9615423766,40.9471698849
1.9615423766,44.5813464717
1.9615423766,49.6152947017
1.9597086015,49.6152947017
1.9597086015,41.9731326405
1.9597086015,48.647979605
1.9597086015,40.9243499316
1.9540367029,45.4772372753
1.9540367029,45.4772372753
1.9540367029,54.1569374719
1.9540367029,38.564730693
1.9540367029,44.9714292473
1.9540367029,38.0566517481
1.9483648177,60.6670841699
1.9483648177,45.8390572413
1.9483648177,54.1123336338
1.9483648177,39.8291346333
1.9483648177,45.2273041073
1.9483648177,45.2273041073
1.9425649789,56.9958542363
1.9425649789,46.0057500413
1.9425649789,42.9445483293
1.9425649789,42.9445483293
1.9425649789,48.1592616872
1.9425649789,44.7919697975
1.9367651302,50.1539879927
1.9367651302,42.7837685382
1.9367651302,41.3438791157
1.9367651302,41.3438791157
1.9367651302,56.3092128567
1.9367651302,53.5640764273
1.9309652729,41.3301677542
1.9309652729,47.3100883413
1.9309652729,53.9406769
1.9309652729,59.7796052619
1.9309652729,46.5257104577
1.9309652729,51.5388514174
1.9251227725,42.7614582304
1.9251227725,50.6963743287
1.9251227725,43.7801379781
1.9251227725,43.7801379781
1.9251227725,55.5419930925
1.9251227725,41.4006147643
1.9194082119,52.8272971876
1.9194082119,42.747972316
1.9194082119,45.9037918906
1.9194082119,55.6283083245
1.9194082119,38.9021654876
1.9194082119,40.548757046
1.9136936481,47.4209175548
1.9136936481,47.4209175548
1.9136936481,43.2240693126
1.9136936481,56.7991991054
1.9136936481,44.0768717892
1.9136936481,55.6920758046
1.9077658559,40.3670325163
1.9077658559,49.337681116
1.9077658559,55.3015964031
1.9077658559,46.3149962108
1.9058467892,45.6208692697
1.9058467892,45.6208692697
1.9058467892,46.2757866884
1.9058467892,45.7447353973
1.9000469483,44.5772598531
1.9000469483,46.155132582
1.9000469483,43.7640781558
1.9000469483,49.5068754799
1.9000469483,41.7039470919
1.9000469483,49.9926057229
1.8943750509,49.9926057229
1.8943750509,53.2188383724
1.8943750509,46.5748129945
1.8943750509,48.2015371956
1.8943750509,48.2015371956
1.8887457912,46.1806092735
1.8887457912,52.9315080089
1.8887457912,52.9315080089
1.8887457912,43.1980489448
1.8887457912,49.6433007331
1.8887457912,50.0753840629
1.882945948,50.0753840629
1.882945948,55.3412297315
1.882945948,45.2958973665
1.882945948,43.5873977352
1.882945948,49.3223332227
1.882945948,45.6597300877
1.8771034778,56.3121871151
1.8771034778,38.986565716
1.8771034778,50.2665304893
1.8771034778,44.4856505227
1.8771034778,43.8379662165
1.8771034778,43.8379662165
1.8714316025,53.7320465394
1.8714316025,48.8726527596
1.8714316025,43.4108854845
1.8714316025,54.6448807512
1.8714316025,41.8053240914
1.8714316025,50.4763020376
1.8657597606,43.7829164291
1.8657597606,53.1479869893
1.8657597606,44.9324742241
1.8657597606,39.8623153655
1.8657597606,39.8623153655
1.8657597606,43.371861962
1.8600452966,53.8677539115
1.8600452966,46.7258972489
1.8600452966,44.8470573928
1.8600452966,52.7273463913
1.8600452966,45.6372633463
1.8600452966,49.8230500196
1.8544161362,44.2852330939
1.8544161362,47.3518013849
1.8544161362,47.3518013849
1.8544161362,40.8680494731
1.8524544638,42.0529720437
1.8524544638,45.1228154472
1.8524544638,53.3349895128
1.8524544638,49.4354518324
1.8467826793,44.070908969
1.8467826793,42.492491344
1.8467826793,50.4025413891
1.8467826793,41.4890478251
1.8467826793,41.4890478251
1.8467826793,42.9630941155
1.8410256277,62.4705640852
1.8410256277,47.2688473116
1.8410256277,58.1501354971
1.8410256277,47.7041637982
1.8410256277,49.7009661665
1.8410256277,49.5872251438
1.8352685848,49.5872251438
1.8352685848,45.9777889352
1.8352685848,52.4175974825
1.8352685848,51.4829042513
1.8352685848,48.5206883634
1.8352685848,55.99418762
1.8295968249,39.5689696079
1.8295968249,52.9073944268
1.8295968249,39.9890835419
1.8295968249,38.383681579
1.8295968249,47.4015716479
1.8295968249,47.4015716479
1.8239250895,47.7936592508
1.8239250895,41.9351122292
1.8239250895,50.6016388931
1.8239250895,43.9724217391
1.8239250895,55.728870822
1.8239250895,43.4613654631
1.8182533635,44.6429758242
1.8182533635,46.4974594513
1.8182533635,54.6956204294
1.8182533635,41.4623981903
1.8182533635,52.6676863823
1.8125815847,52.6676863823
1.8125815847,49.9427013524
1.8125815847,43.6329387555
1.8125815847,48.5222457294
1.8125815847,46.084206581
1.8125815847,46.0870752519
1.8125815847,44.2780982383
1.8068671347,44.7698065312
1.8068671347,42.3452434866
1.8068671347,47.8947374938
1.8068671347,47.8947374938
1.8068671347,45.6804289273
1.8068671347,47.296981242
1.8011100538,48.6451238925
1.8011100538,44.6695035444
1.8011100538,45.7223590053
1.8011100538,45.7223590053
1.7992336655,58.9412542174
1.7992336655,47.7280852736
1.7992336655,47.7280852736
1.7992336655,51.2775384705
1.7935618498,51.2775384705
1.7935618498,44.71983536
1.7935618498,43.5314938909
1.7916428087,40.245822726
1.7916428087,40.245822726
1.7916428087,51.2719217088
1.7916428087,54.1849556935
1.7916428087,51.9642296836
1.7860136216,51.9642296836
1.7860136216,54.3517567316
1.7860136216,54.0039330574
1.7860136216,51.4425718484
1.7860136216,46.7847902319
1.7860136216,47.2732078412
1.7801285945,47.2732078412
1.7801285945,44.6774672003
1.7801285945,40.9582432242
1.7801285945,40.9582432242
1.7801285945,52.2879340345
1.7801285945,46.5389013719
1.774499439,44.8913317443
1.774499439,42.498305928
1.774499439,58.3414806342
1.774499439,51.4181370883
1.7726230421,41.1876114281
1.7726230421,41.1876114281
1.7726230421,47.0440948893
1.7726230421,53.7744007127
1.7669938516,45.7528999816
1.7669938516,47.3334267076
1.7669938516,37.877484339
1.7669938516,49.2970789598
1.7651174513,48.7247105292
1.7651174513,43.6489215418
1.7651174513,52.0696646122
1.7651174513,48.6190483379
1.7595735368,48.6190483379
1.7595735368,51.6504575077
1.7595735368,43.6390904416
1.7595735368,37.4498079383
1.7595735368,46.068077716
1.7595735368,57.1651470864
1.7539016813,41.5411455241
1.7539016813,43.7592743535
1.7539016813,43.5074096928
1.7539016813,51.1486521783
1.7539016813,51.1486521783
1.7539016813,49.9779264676
1.7480592171,43.1555585772
1.7480592171,40.9335143181
1.7480592171,49.933424179
1.7480592171,41.8851633691
1.7460975061,48.6106779647
1.7460975061,54.4421530331
1.7460975061,43.0321834634
1.7460975061,57.2812514789
1.7404255975,45.7674704584
1.7404255975,45.7674704584
1.7404255975,43.1142538476
1.7404255975,39.4484808766
1.7385065275,47.6827830613
1.7385065275,52.7449983626
1.7385065275,56.3772905247
1.7385065275,50.7819243801
1.7328346096,42.3707621305
1.7328346096,57.9631995713
1.7328346096,51.7938252206
1.7328346096,51.7938252206
1.7328346096,40.4164550649
1.7328346096,43.1106880603
1.7271626969,44.6633665781
1.7271626969,41.8032878415
1.7271626969,49.2872080011
1.7271626969,50.4454577274
1.7252009835,50.4454577274
1.7252009835,42.5801713322
1.7252009835,48.6255776105
1.7252009835,44.6649405769
1.719443781,44.6649405769
1.719443781,46.5146221241
1.719443781,44.3507808901
1.719443781,50.3312126549
1.7175247129,45.1654209398
1.7175247129,55.744893897
1.7175247129,46.4123865564
1.7175247129,47.6555222242
1.7117675085,47.8165948577
1.7117675085,50.8051427013
1.7117675085,43.2072721182
1.7117675085,43.2072721182
1.7117675085,45.130634132
1.7117675085,44.4064757414
1.7059250192,48.7388102558
1.7059250192,53.1935645416
1.7059250192,48.3803135953
1.7059250192,58.1338522472
1.7040486031,46.9555666613
1.7040486031,47.0314366992
1.7040486031,36.1216021047
1.7040486031,36.1216021047
1.6982914174,40.6181670344
1.6982914174,43.209317426
1.6982914174,56.1061028237
1.6964150025,40.5940692995
1.6964150025,55.2132506837
1.6964150025,46.0195765681
1.6964150025,44.9442355543
1.6964150025,44.0061301541
1.6907431156,48.5210173173
1.6907431156,48.5210173173
1.6907431156,56.4555073602
1.6907431156,56.4555073602
1.6907431156,43.7737741206
1.6907431156,43.7737741206
1.684858021,42.8504706854
1.684858021,49.7339433822
1.684858021,59.3994402941
1.684858021,43.6639167516
1.684858021,42.0698368242
1.684858021,57.2406818467
1.6790155977,57.2406818467
1.6790155977,52.9495108188
1.6790155977,46.5721396817
1.6790155977,54.1910263476
1.6790155977,42.0734428572
1.6790155977,47.7207055999
1.6732584503,42.2843327414
1.6732584503,44.6129725851
1.6732584503,43.8459681018
1.6732584503,49.4705389657
1.6713393981,49.4705389657
1.6713393981,53.2496863271
1.6713393981,43.8836175314
1.6713393981,40.8189942534
1.669420346,64.3965173659
1.669420346,51.2982898492
1.669420346,52.7612093467
1.669420346,56.486928009
1.66370584,49.5500983599
1.66370584,49.5500983599
1.66370584,41.8774558008
1.66370584,49.8709144093
1.6578634079,42.396657191
1.6578634079,58.9409109879
1.6578634079,48.2255280351
1.6578634079,49.748063257
1.6578634079,39.3538041539
1.6578634079,42.6943981056
1.6520636168,44.0236333115
1.6520636168,40.784133567
1.6520636168,45.1916217402
1.6520636168,46.7240825014
1.6520636168,46.7240825014
1.6520636168,44.5571053964
1.6463064716,46.2955140401
1.6463064716,46.2955140401
1.6463064716,46.9795251639
1.6463064716,47.8968444913
1.6443874286,47.8968444913
1.6443874286,47.9194077096
1.6443874286,44.1325651362
1.6443874286,48.0254593007
1.6385876545,56.5214228756
1.6385876545,60.3215495487
1.6385876545,60.3215495487
1.6385876545,45.9294928813
1.6385876545,45.1775468092
1.6385876545,42.12261517
1.6327878868,43.812256517
1.6327878868,60.9406968477
1.6327878868,40.9226620313
1.6327878868,46.6912753989
1.6327878868,54.193516497
1.6327878868,43.7186100512
1.6269454804,43.7186100512
1.6269454804,40.7052894081
1.6269454804,53.8548252406
1.6269454804,45.4250125363
1.6269454804,55.4986295167
1.6269454804,43.9944735384
1.6211457083,41.6059569807
1.6211457083,55.6586763658
1.6211457083,50.9479837394
1.6211457083,45.2471004451
1.6211457083,51.0357776772
1.6211457083,51.0357776772
1.6153459259,45.3030018899
1.6153459259,48.3146579297
1.6153459259,47.9792054471
1.6153459259,49.5133762695
1.6153459259,56.7031829006
1.6153459259,40.186974611
1.6095034882,54.3461002308
1.6095034882,48.8019396865
1.6095034882,42.9518602902
1.6095034882,52.62431471
1.6095034882,52.62431471
1.6095034882,47.5982526959
1.6038316486,48.4726793948
1.6038316486,46.0200355483
1.6038316486,37.8963172009
1.6038316486,50.6783638236
1.6038316486,51.7389725058
1.6038316486,45.9430293209
1.5979892171,45.9102759404
1.5979892171,55.0687757929
1.5979892171,48.1469835384
1.5979892171,48.1469835384
1.5979892171,54.6776038124
1.5979892171,44.6887551208
1.5923173407,54.2946216574
1.5923173407,47.8777570566
1.5923173407,47.3269836351
1.5923173407,50.446313351
1.5923173407,42.8209577305
1.5923173407,41.2850295457
1.5865175196,41.2850295457
1.5865175196,52.2229328508
1.5865175196,49.1369765266
1.5865175196,35.701718813
1.5845984588,47.5866178364
1.5845984588,44.6177437523
1.5845984588,51.7340099444
1.5845984588,51.8504363842
1.5787986307,58.2902548802
1.5787986307,45.4418809603
1.5787986307,56.3970600159
1.5787986307,56.3970600159
1.5787986307,58.9029689677
1.5787986307,45.4384903417
1.5731267309,43.6536256946
1.5731267309,51.3722609218
1.5731267309,41.2847968698
1.5731267309,43.2544820472
1.5731267309,52.3466176753
1.5731267309,46.0595727007
1.5673695216,46.0595727007
1.5673695216,57.6874055173
1.5673695216,57.6874055173
1.5673695216,45.1298506514
1.5673695216,40.4062252647
1.5673695216,47.5659337342
1.5616123109,52.6279273928
1.5616123109,40.2405076401
1.5616123109,48.3189824073
1.5616123109,46.4906029668
1.5616123109,59.8582775084
1.5616123109,59.8582775084
1.5559403991,40.7425876016
1.5559403991,40.7425876016
1.5559403991,43.1234165688
1.5559403991,42.979856838
1.5559403991,43.6796555425
1.5559403991,48.7951066231
1.5501405412,42.7597999567
1.5501405412,47.6154681498
1.5501405412,54.0101088229
1.5501405412,41.0414702926
1.5501405412,53.375833102
1.5444259766,53.375833102
1.5444259766,49.1164268352
1.5444259766,56.8180575662
1.5444259766,44.3713838656
1.5444259766,45.9775101419
1.5444259766,46.4519694148
1.5385834773,58.1071050573
1.5385834773,46.8486687394
1.5385834773,52.1337971177
1.5385834773,52.1337971177
1.5385834773,46.3057758391
1.5385834773,46.1681360819
1.5326983288,45.678352397
1.5326983288,50.0054469831
1.5326983288,48.7298534692
1.5326983288,47.496763384
1.5307792578,47.496763384
1.5307792578,41.7138082792
1.5307792578,56.3076876189
1.5307792578,44.9380303791
1.525022044,40.2329399575
1.525022044,40.2329399575
1.525022044,59.3541175506
1.525022044,47.1501974567
1.525022044,45.0416385587
1.525022044,45.0416385587
1.5191368903,45.0416385587
1.5191368903,47.0091604523
1.5191368903,45.5052597302
1.5191368903,47.3879595598
1.5191368903,47.6030483534
1.5191368903,41.389924029
1.5134223204,56.171113642
1.5134223204,42.7057477495
1.5134223204,50.7519340838
1.5134223204,39.1201124715
1.5134223204,59.4235159729
1.5134223204,46.2353487954
1.5074518775,42.1597473137
1.5074518775,47.6234123793
1.5074518775,44.3977935407
1.5074518775,45.2246697407
1.5074518775,45.2246697407
1.5074518775,46.2895280519
1.5016093752,47.7858879205
1.5016093752,61.529639595
1.5016093752,43.9794579506
1.5016093752,41.7224777506
1.5016093752,41.7537402871
1.5016093752,53.4419682369
1.4958095175,56.4577612361
1.4958095175,49.7732478253
1.4958095175,43.9496981797
1.4958095175,46.240852742
1.4958095175,46.240852742
1.4958095175,55.3367567728
1.4899670127,42.0909800743
1.4899670127,44.5539646487
1.4899670127,42.3804802406
1.4899670127,43.4420704426
1.4899670127,52.5298995807
1.4899670127,48.73053579
1.4840392185,41.7465200577
1.4840392185,45.457490173
1.4840392185,45.457490173
1.4840392185,41.827860354
1.4840392185,47.4477301078
1.4840392185,50.2195108562
1.4781540659,43.6528904378
1.4781540659,43.6216090239
1.4781540659,51.8905960075
1.4781540659,47.4745145592
1.4761923482,47.4745145592
1.4761923482,39.3849808718
1.4761923482,39.3849808718
1.4761923482,43.5698148762
1.4704351331,45.6104387474
1.4704351331,44.3146342212
1.4704351331,46.8647996055
1.4704351331,51.3516495729
1.4704351331,52.6097250851
1.4704351331,43.0758426914
1.4647205636,61.0278619004
1.4647205636,61.0278619004
1.4647205636,46.0139839102
1.4647205636,46.0139839102
1.4647205636,40.1634893174
1.4647205636,42.5884730479
1.4588354104,45.0847427617
1.4588354104,59.5337589062
1.4588354104,42.8265154137
1.4588354104,47.7945872254
1.4588354104,51.9812646139
1.4588354104,45.8669035588
1.4528649666,45.8669035588
1.4528649666,53.5422731019
1.4528649666,53.5422731019
1.4528649666,47.3429127255
1.4528649666,51.0676022782
1.4528649666,44.5936229034
1.4471077507,43.0580240451
1.4471077507,48.7810269778
1.4471077507,48.5844573029
1.4471077507,44.8697660917
1.4451886797,61.0367634598
1.4451886797,39.6379188703
1.4451886797,39.6379188703
1.4451886797,57.5243495059
1.4394314692,46.1583032443
1.4394314692,47.91680605
1.4394314692,61.6019719822
1.4394314692,45.0568839409
1.437512399,47.5849544679
1.437512399,40.3540644391
1.437512399,52.1073092355
1.437512399,46.1623836721
1.43171254,50.0816677654
1.43171254,50.0816677654
1.43171254,38.1534252683
1.43171254,50.6275211102
1.43171254,41.9379731339
1.43171254,59.9299968043
1.4259126836,42.0368147807
1.4259126836,42.5211742547
1.4259126836,43.6810333349
1.4259126836,51.7412911133
1.4259126836,48.6041801675
1.4259126836,48.6041801675
1.4199422464,55.7778961196
1.4199422464,47.4211320659
1.4199422464,44.4908628253
1.4199422464,41.9525893862
1.4179805319,46.8089859557
1.4179805319,57.3886782382
1.4179805319,48.232560775
1.4179805319,47.9255204217
1.4121806806,56.3339820533
1.4121806806,50.1992165172
1.4121806806,50.1992165172
1.4121806806,37.93367346
1.410176321,44.6649481614
1.410176321,42.0329405919
1.410176321,57.6168109273
1.410176321,47.5304130727
1.4043338259,43.0237889876
1.4043338259,42.0894942169
1.4043338259,42.1709039203
1.4043338259,57.6732008916
1.4043338259,52.4988007418
1.4043338259,52.4988007418
1.3986192667,42.0653492595
1.3986192667,51.2690011696
1.3986192667,40.5513334423
1.3986192667,48.0504374562
1.3986192667,45.7709865344
1.3986192667,60.1674751129
1.3927767718,47.9781202329
1.3927767718,58.7652347334
1.3927767718,50.3329637156
1.3927767718,50.3329637156
1.3908150607,45.8575195232
1.3908150607,48.7550241582
1.3908150607,47.3486965682
1.3908150607,41.1199076612
1.3850578651,53.2657565503
1.3850578651,51.3536632006
1.3850578651,42.4021900345
1.3850578651,37.8619810315
1.3830961541,41.0563925941
1.3830961541,41.0563925941
1.3830961541,54.2967604669
1.3830961541,49.8288352298
1.3772110239,41.8138815253
1.3772110239,43.9705430198
1.3772110239,48.3437210502
1.3772110239,42.0581529717
1.3753346076,54.5173077696
1.3753346076,47.865368578
1.3753346076,48.8775877563
1.3753346076,51.7959656295
1.3694921331,51.7959656295
1.3694921331,47.7395708922
1.3694921331,47.7395708922
1.3694921331,45.0784587975
1.3675730701,37.8804319774
1.3675730701,59.0201780469
1.3675730701,42.0978140874
1.3675730701,47.4524901891
1.3619011698,39.5820527373
1.3619011698,56.4727108936
1.3619011698,56.4727108936
1.3619011698,52.334902442
1.3619011698,46.9626817585
1.3619011698,44.7532338964
1.3560160502,46.5774103091
1.3560160502,47.3119980554
1.3560160502,55.6245844561
1.3560160502,45.9353815766
1.3541396461,45.9353815766
1.3541396461,43.8383908961
1.3541396461,39.4888032449
1.3541396461,50.0444430212
1.3483824977,41.8145099947
1.3483824977,41.8145099947
1.3483824977,53.8538931243
1.3483824977,44.7348044904
1.3464208081,50.3796457939
1.3464208081,51.7165374588
1.3464208081,49.0583035634
1.3464208081,43.9965014894
1.3404504488,43.7689768665
1.3404504488,48.2114331665
1.3404504488,58.4327794737
1.3404504488,58.4327794737
1.3384887595,42.3984951081
1.3384887595,45.9121595359
1.3384887595,39.4810156714
1.3384887595,51.4216999864
1.3326889776,47.8135403522
1.3326889776,46.7698724239
1.3326889776,48.114915093
1.3326889776,56.7430129045
1.3326889776,45.6349604215
1.3326889776,48.3058867525
1.326889181,48.3058867525
1.326889181,46.7877275517
1.326889181,49.6359955678
1.326889181,46.2507690796
1.326889181,46.5422527276
1.326889181,49.1216407861
1.3210894115,43.5092756003
1.3210894115,53.7179974561
1.3210894115,44.3090548762
1.3210894115,46.3774708698
1.3191277194,46.3774708698
1.3191277194,44.2235800136
1.3191277194,49.0965949464
1.3191277194,45.2236030293
1.3172086664,54.4589317826
1.3172086664,44.3036141945
1.3172086664,45.4540791948
1.3172086664,43.098537392
1.3111956167,53.3238879367
1.3111956167,45.4873183228
1.3111956167,42.6202690171
1.3111956167,42.6202690171
1.3053105171,41.344518827
1.3053105171,41.791621209
1.3053105171,43.5166404907
1.3053105171,53.1681294619
1.3053105171,50.2420840874
1.3053105171,40.0784115991
1.2994254226,53.6469730958
1.2994254226,49.4113930642
1.2994254226,46.233705536
1.2994254226,46.233705536
1.2994254226,59.9298055034
1.2935403114,54.4718049866
1.2935403114,54.4718049866
1.2935403114,54.4718049866
1.2935403114,54.5621903489
1.2935403114,36.2492367227
1.2935403114,50.8488599922
1.2935403114,43.0163041049
1.2876551896,54.6229817322
1.2876551896,44.7315197371
1.2876551896,54.3768223213
1.2876551896,54.3768223213
1.2856508447,43.2504119878
1.2856508447,45.5214983948
1.2856508447,53.9108354478
1.2856508447,43.890721209
1.2798510429,51.2463626792
1.2798510429,45.183610151
1.2798510429,49.0997832041
1.2798510429,46.7127654967
1.2798510429,45.1247336341
1.2798510429,45.1247336341
1.2740085871,62.0011991897
1.2740085871,47.468497067
1.2740085871,47.9459022938
1.2740085871,40.8207634592
1.2740085871,54.9593412588
1.2740085871,57.9824328708
1.2680381786,45.4909524434
1.2680381786,54.7127679519
1.2680381786,37.3897385859
1.2680381786,48.1362545539
1.2680381786,48.1362545539
1.2680381786,50.2303394248
1.2620677667,46.8846218193
1.2620677667,41.8327408057
1.2620677667,55.2315114543
1.2620677667,39.362312855
1.2620677667,43.8710807235
1.2620677667,46.6651154108
1.2563106035,54.6604883242
1.2563106035,45.6085545245
1.2563106035,52.8181943749
1.2563106035,52.8181943749
1.2563106035,46.8842791713
1.2563106035,48.29470037
1.2505107951,42.6072652168
1.2505107951,55.011225057
1.2505107951,44.4821148051
1.2505107951,43.5997210429
1.2505107951,46.5802701009
1.2505107951,61.9085264239
1.2446257053,54.8234946756
1.2446257053,55.5093495339
1.2446257053,55.5093495339
1.2446257053,52.1220513208
1.2446257053,39.2866981652
1.2446257053,40.645293296
1.2386979373,59.8871536831
1.2386979373,41.4627941691
1.2386979373,47.460287326
1.2386979373,43.7267778845
1.2386979373,46.0191923246
1.2386979373,50.8490448088
1.2328981007,50.8490448088
1.2328981007,51.0523536225
1.2328981007,49.7809107879
1.2328981007,44.9426526117
1.2309790344,40.8964604941
1.2309790344,47.2402148789
1.2309790344,56.6557935742
1.2309790344,43.0615151411
1.2250938933,53.4645056739
1.2250938933,49.6882498068
1.2250938933,49.6882498068
1.2250938933,42.2971557612
1.2250938933,56.3619537527
1.2250938933,39.3253878105
1.2193366846,39.3253878105
1.2193366846,51.0079290377
1.2193366846,40.7597199227
1.2193366846,52.7393948812
1.2193366846,47.203334284
1.2193366846,42.1505590453
1.2133662478,42.1505590453
1.2133662478,52.5637921644
1.2133662478,49.2073569435
1.2133662478,44.9671360813
1.2133662478,54.970914112
1.2133662478,45.2497520759
1.2074811093,47.9889369371
1.2074811093,55.4396217853
1.2074811093,45.2315457686
1.2074811093,48.8979705066
1.2074811093,40.4352952525
1.2074811093,42.3658746618
1.2016386147,42.3658746618
1.2016386147,54.9807984908
1.2016386147,44.0475153131
1.2016386147,61.7843613282
1.2016386147,46.9533006327
1.2016386147,50.1825838747
1.1957961224,56.4092552589
1.1957961224,37.4010602226
1.1957961224,45.5322660809
1.1957961224,54.1641641701
1.1957961224,54.1641641701
1.1957961224,54.1641641701
1.1899109762,52.7483868081
1.1899109762,42.985346509
1.1899109762,47.2713718273
1.1899109762,45.7845753004
1.1899109762,43.7762671893
1.1899109762,42.5728662523
1.1838978921,50.6361215169
1.1838978921,50.6361215169
1.1838978921,39.0097527375
1.1838978921,52.8139757662
1.1838978921,43.4876063768
1.1838978921,45.0684851969
1.1780553958,48.1848300926
1.1780553958,40.6202680896
1.1780553958,48.2398457754
1.1780553958,49.7330782217
1.1761789719,53.355869741
1.1761789719,43.2656731136
1.1761789719,43.2656731136
1.1761789719,49.2823420916
1.1702511784,47.8240491268
1.1702511784,39.7264246918
1.1702511784,48.2571326198
1.1702511784,48.8969307822
1.1702511784,44.4536869727
1.1702511784,42.0418800737
1.1644086823,43.2193274177
1.1644086823,45.9334756117
1.1644086823,45.9334756117
1.1644086823,52.4601617183
1.1644086823,44.2706653768
1.1644086823,48.7761214418
1.1585661843,46.863468855
1.1585661843,43.4410549294
1.1585661843,50.1825572634
1.1585661843,51.8486087293
1.1585661843,43.812634672
1.1585661843,46.2476411215
1.1526810355,53.6500730669
1.1526810355,53.6500730669
1.1526810355,42.9287122699
1.1526810355,46.983480305
1.1526810355,48.7352669022
1.1526810355,48.0040797115
1.1467532384,52.3267827398
1.1467532384,49.7055263511
1.1467532384,40.9179123123
1.1467532384,49.1326327041
1.1467532384,43.7334831168
1.1467532384,60.6274617043
1.1407827929,60.6274617043
1.1407827929,50.7258901803
1.1407827929,53.1876843301
1.1407827929,45.7216702001
1.1407827929,45.6026752703
1.1407827929,45.7470186296
1.135025577,65.7033224887
1.135025577,52.2697837079
1.135025577,51.8812758533
1.135025577,41.6975821872
1.135025577,41.6975821872
1.135025577,48.3605436389
1.1290551317,45.6846372771
1.1290551317,43.3369994727
1.1290551317,45.4821977949
1.1290551317,58.272033348
1.1290551317,44.3935846651
1.1290551317,41.0488667529
1.1231273321,51.7900613347
1.1231273321,57.3541859124
1.1231273321,57.3541859124
1.1231273321,42.9570859288
1.1231273321,58.435685072
1.1231273321,44.5941709752
1.1172421789,50.4627727669
1.1172421789,47.4375168532
1.1172421789,52.1122267432
1.1172421789,52.1122267432
1.1153231073,50.4821006718
1.1153231073,41.687881854
1.1153231073,48.0406599736
1.1153231073,47.8632049748
1.1093953076,47.8632049748
1.1093953076,42.1946506592
1.1093953076,54.1838518525
1.1093953076,40.1020512601
1.1093953076,57.8638858163
1.1093953076,45.508908352
1.1035954475,46.6180256426
1.1035954475,49.1980069253
1.1035954475,49.1980069253
1.1035954475,54.2009098475
1.1035954475,54.2009098475
1.1035954475,46.1763917155
1.097582364,48.4171213452
1.097582364,48.7222581465
1.097582364,41.591773691
1.097582364,49.1690250002
1.097582364,47.220539295
1.097582364,54.3331201909
1.0916972141,42.0002515496
1.0916972141,40.8874241543
1.0916972141,54.1380559317
1.0916972141,41.0490757788
1.0916972141,59.826625132
1.0916972141,38.147005814
1.0857694195,43.1660054331
1.0857694195,43.1660054331
1.0857694195,58.1306502353
1.0857694195,47.2441911985
1.0837650578,42.4363537347
1.0837650578,55.4605595151
1.0837650578,46.5149372239
1.0837650578,41.1223730897
1.0779225568,41.1223730897
1.0779225568,41.1223730897
1.0779225568,42.5039286118
1.0779225568,47.8145110173
1.0779225568,52.5791643867
1.0779225568,42.1324549379
1.0721226979,42.1324549379
1.0721226979,44.3149553079
1.0721226979,35.2241984584
1.0721226979,43.9749990197
1.0721226979,38.8175278594
1.0721226979,38.8175278594
1.0662375482,49.6228798457
1.0662375482,43.7105374922
1.0662375482,43.7105374922
1.0662375482,62.2142894891
1.0643184772,44.4994777302
1.0643184772,59.2544917734
1.0643184772,49.1926693756
1.0643184772,38.283548971
1.0585186184,45.1704456025
1.0585186184,50.8550098371
1.0585186184,50.8550098371
1.0585186184,44.7054047035
1.0565995472,48.3346408878
1.0565995472,41.0528443013
1.0565995472,43.2723713503
1.0565995472,55.0572090348
1.0507996866,44.0481747046
1.0507996866,59.1267788784
1.0507996866,42.9491409813
1.0507996866,46.5023520829
1.0507996866,46.5023520829
1.0507996866,54.1378241647
1.0449145329,43.505865075
1.0449145329,53.0921062291
1.0449145329,51.6043284927
1.0449145329,43.2421899372
1.0449145329,49.9242728029
1.0449145329,46.5609380777
1.0389867403,46.6443697196
1.0389867403,43.0508801285
1.0389867403,43.0508801285
1.0389867403,46.023560782
1.0370676719,50.5524120746
1.0370676719,55.7924027776
1.0370676719,44.1351106665
1.0370676719,53.6809206819
1.031182529,53.6809206819
1.031182529,46.5863330389
1.031182529,45.1884479211
1.031182529,41.2014915993
1.0291781695,40.1342936544
1.0291781695,40.1342936544
1.0291781695,60.9805309439
1.0291781695,44.9122886522
1.0233783208,43.2405734892
1.0233783208,48.6256422464
1.0233783208,47.3151761875
1.0233783208,51.5587338641
1.0214166081,47.4602491473
1.0214166081,45.8432810155
1.0214166081,52.0345244768
1.0214166081,43.3875059225
1.0156167619,43.3875059225
1.0156167619,54.2969789289
1.0156167619,54.2969789289
1.0156167619,38.8044099895
1.0136550477,56.4079240849
1.0136550477,41.7853017452
1.0136550477,59.6230578951
1.0136550477,46.1867668471
1.007812546,49.3316664675
1.007812546,51.6040580971
1.007812546,42.5580858037
1.007812546,42.5580858037
1.0058508297,43.4403787634
1.0058508297,43.4403787634
1.0058508297,42.9614378869
1.0058508297,51.732663874
0.9999656821,42.7061512753
0.9999656821,44.6012417664
0.9999656821,49.3188858862
0.9999656821,41.052658566
0.9980892567,41.052658566
0.9980892567,43.6596311568
0.9980892567,46.465600377
0.9980892567,43.4729281019
0.9922041032,58.784545943
0.9922041032,49.241960298
0.9922041032,43.6571126658
0.9922041032,49.6831077004
0.9901997392,49.6831077004
0.9901997392,43.3518110283
0.9901997392,59.2097087458
0.9901997392,59.2097087458
0.9844425238,59.6024433541
0.9844425238,47.3955967492
0.9844425238,47.3955967492
0.9844425238,51.3757787778
0.9824381603,49.6040417237
0.9824381603,58.4456790348
0.9824381603,47.6243921926
0.9824381603,41.7092627124
0.976595654,62.0617600843
0.976595654,47.3388962207
0.976595654,47.3388962207
0.976595654,46.0481042479
0.976595654,56.8564239565
0.976595654,45.9275360325
0.970753154,57.0864463143
0.970753154,49.9454250942
0.970753154,49.9454250942
0.970753154,45.1835503348
0.9687914415,49.1168216329
0.9687914415,50.6833195143
0.9687914415,50.6833195143
0.9687914415,45.5661800304
0.9630342418,48.3816992507
0.9630342418,48.9144679985
0.9630342418,43.6219852279
0.9630342418,45.0682109416
0.961115177,54.8034785828
0.961115177,49.1149826144
0.961115177,58.6062641127
0.961115177,44.7015049668
0.9552726969,49.891963859
0.9552726969,49.891963859
0.9552726969,52.1286568196
0.9552726969,38.7540673287
0.9533536364,42.4313358403
0.9533536364,52.9880032992
0.9533536364,47.2625635507
0.9533536364,41.6990338847
0.947425872,43.7081400713
0.947425872,41.1899234902
0.947425872,51.8164999631
0.947425872,57.4347635603
0.947425872,57.4347635603
0.947425872,40.3784406607
0.9416260386,41.3106603157
0.9416260386,43.5633469607
0.9416260386,44.5500905753
0.9416260386,44.5032534318
0.9396643283,49.0652025344
0.9396643283,50.8620041042
0.9396643283,58.0155278836
0.9396643283,51.9848218778
0.9338218407,51.9848218778
0.9338218407,52.4527064594
0.9338218407,50.6345768533
0.9338218407,54.3117239727
0.9318601305,52.5765803426
0.9318601305,41.1057580737
0.9318601305,56.7340690506
0.9318601305,41.3314101389
0.9259323605,41.6645896359
0.9259323605,61.395957626
0.9259323605,61.395957626
0.9259323605,41.6644969818
0.9259323605,39.3972431659
0.9259323605,50.5177239306
0.9200472514,48.7071185054
0.9200472514,42.9051903251
0.9200472514,45.0056416664
0.9200472514,49.0947249568
0.9200472514,48.2603325411
0.9200472514,56.2173552656
0.9143327183,49.0734664064
0.9143327183,49.0734664064
0.9143327183,38.9653249057
0.9143327183,38.9653249057
0.9143327183,55.2726896276
0.9143327183,55.012898697
0.9084902413,58.5831436981
0.9084902413,42.5388763252
0.9084902413,45.2809912591
0.9084902413,52.5725167422
0.9065285361,43.4789517098
0.9065285361,45.4635819606
0.9065285361,56.8693697288
0.9065285361,39.5082739663
0.9045241879,39.5082739663
0.9045241879,45.7673512771
0.9045241879,46.6182860579
0.8986390894,40.5341441743
0.8986390894,57.3266022364
0.8986390894,42.6690272722
0.8986390894,54.8051281016
0.8986390894,47.4853309449
0.8927113293,41.7979229055
0.8927113293,62.6751702403
0.8927113293,62.6751702403
0.8927113293,47.7608600251
0.8927113293,41.6944995227
0.8927113293,43.188252706
0.8868262017,45.1876087332
0.8868262017,55.8603782954
0.8868262017,45.35928459
0.8868262017,49.7780457259
0.8868262017,46.2873421848
0.8808984352,41.7484627584
0.8808984352,43.1415981462
0.8808984352,54.2896911088
0.8808984352,44.0379235743
0.8808984352,43.7520809394
0.8788940879,50.7879756481
0.8788940879,48.7215103808
0.8788940879,52.6001105932
0.8788940879,51.4929192155
0.8728383963,56.9532793482
0.8728383963,38.8166571771
0.8728383963,38.93744631
0.8728383963,49.3093760815
0.8728383963,51.1412856154
0.8728383963,50.2815695613
0.8670811966,41.9966251751
0.8670811966,48.8678991368
0.8670811966,46.4369377616
0.8670811966,53.5093903891
0.8670811966,52.0605163496
0.8670811966,47.2030167074
0.8612813447,47.0618056896
0.8612813447,56.5215997522
0.8612813447,56.5215997522
0.8612813447,48.2466293833
0.8612813447,53.1580881752
0.8612813447,45.6307092398
0.8554388452,40.7255965248
0.8554388452,53.3319909775
0.8554388452,46.877517567
0.8554388452,42.599841821
0.8554388452,51.9610959261
0.8554388452,45.5432882655
0.8495110538,45.5432882655
0.8495110538,54.9785405592
0.8495110538,42.9560521354
0.8495110538,44.3456063524
0.8495110538,54.9851952994
0.8495110538,41.5012827422
0.843497982,51.5698054732
0.843497982,41.669497017
0.843497982,45.6812918764
0.843497982,50.205678625
0.843497982,50.205678625
0.843497982,53.7878228303
0.837527549,48.7647303685
0.837527549,59.801479735
0.837527549,48.2583699178
0.837527549,44.862399808
0.837527549,44.9570878457
0.837527549,58.0211298626
0.831642404,46.2530151146
0.831642404,48.3443671814
0.831642404,42.3982083736
0.831642404,42.3982083736
0.831642404,54.0001032357
0.831642404,52.2727860064
0.8258425531,48.6342209669
0.8258425531,45.3036844285
0.8258425531,55.80128563
0.8258425531,40.9574926509
0.8258425531,47.5511699506
0.8258425531,40.4469971076
0.8200426957,57.9345983373
0.8200426957,57.9345983373
0.8200426957,45.3325363581
0.8200426957,47.4805137543
0.818080978,45.9305605635
0.818080978,47.8168135518
0.818080978,46.6535653858
0.818080978,52.176571108
0.8124090543,53.3814384003
0.8124090543,48.3710019374
0.8124090543,56.2991156716
0.8124090543,57.4550916599
0.8124090543,57.4550916599
0.8124090543,44.6359998348
0.8063959621,59.728371689
0.8063959621,45.2512821398
0.8063959621,45.3610524937
0.8063959621,42.3394993059
0.8063959621,47.1275567885
0.8063959621,58.5713177279
0.8002975778,50.6710487393
0.8002975778,50.8781048277
0.8002975778,54.123577826
0.8002975778,54.123577826
0.8002975778,42.8597120388
0.8002975778,50.2219471794
0.7943271316,49.3020409177
0.7943271316,39.3840934376
0.7943271316,45.7525899632
0.7943271316,48.903356496
0.7943271316,47.7217430017
0.7943271316,47.7217430017
0.7884419776,44.1637799198
0.7884419776,43.4348513035
0.7884419776,51.1203389887
0.7884419776,47.913687444
0.7884419776,46.4966337091
0.7884419776,40.4015422808
0.782556824,40.3756632359
0.782556824,59.9456778191
0.782556824,53.5815078091
0.782556824,42.9871401601
0.782556824,49.8164907727
0.782556824,49.8164907727
0.7767143184,45.9647064914
0.7767143184,50.8686255974
0.7767143184,44.6064474629
0.7767143184,45.8219142261
0.7767143184,59.7162301713
0.7767143184,40.2043528671
0.7707012267,48.4589221636
0.7707012267,45.793185291
0.7707012267,41.5802048376
0.7707012267,41.5802048376
0.7707012267,49.0648157801
0.7707012267,49.1693623451
0.7648160728,48.0638976797
0.7648160728,48.0638976797
0.7648160728,37.138137369
0.7648160728,58.6391847276
0.7628543549,47.3610723981
0.7628543549,60.0882089117
0.7628543549,46.1880770188
0.7628543549,45.070892736
0.7568412632,42.272548508
0.7568412632,49.7858870131
0.7568412632,43.4955747511
0.7568412632,43.4955747511
0.7568412632,58.3512547958
0.7568412632,42.6998833715
0.7509561096,51.7852864997
0.7509561096,44.3868056721
0.7509561096,49.5592808496
0.7509561096,43.3191151285
0.7509561096,50.6663709357
0.7509561096,47.5561991408
0.7449003715,49.9354141732
0.7449003715,42.5855499714
0.7449003715,42.5855499714
0.7449003715,49.6443567754
0.7449003715,50.9580269122
0.7449003715,46.5132015877
0.73910051,53.3142457502
0.73910051,42.615309938
0.73910051,46.8294634683
0.73910051,43.5447512491
0.73910051,46.7826659658
0.73910051,52.2936988578
0.7332153562,52.2936988578
0.7332153562,56.0093865098
0.7332153562,56.0093865098
0.7332153562,52.6656001651
0.7332153562,37.8722886576
0.7332153562,46.6515725033
0.727330206,47.0332425329
0.727330206,48.2559821169
0.727330206,61.5160616098
0.727330206,49.8401946355
0.727330206,45.3423854791
0.727330206,45.3423854791
0.7213597683,49.7070898677
0.7213597683,49.7070898677
0.7213597683,42.0020151712
0.7213597683,43.5354473634
0.7213597683,48.6886303913
0.7213597683,39.3464060856
0.7155172725,49.6372688641
0.7155172725,40.4750824869
0.7155172725,50.2473506847
0.7155172725,50.2473506847
0.7155172725,48.2729913947
0.7155172725,48.943860909
0.7094615638,43.8969283389
0.7094615638,46.1611252545
0.7094615638,46.8767628886
0.7094615638,47.6673275541
0.7074572075,55.276021055
0.7074572075,42.7159185311
0.7074572075,48.5899235296
0.7074572075,48.5899235296
0.7015720711,55.2537800275
0.7015720711,46.8239339331
0.7015720711,51.3782655788
0.7015720711,60.1932688833
0.7015720711,43.7990963954
0.7015720711,41.1580003729
0.6955163406,63.2543693792
0.6955163406,50.5756810345
0.6955163406,44.1929258683
0.6955163406,49.1317428475
0.6955163406,49.1317428475
0.6955163406,44.8942774883
0.6895458979,51.3274342205
0.6895458979,45.2990579611
0.6895458979,50.3964925939
0.6895458979,60.8027837675
0.6895458979,44.068423229
0.6895458979,49.2463183165
0.6836607443,45.7841519845
0.6836607443,45.4964314888
0.6836607443,45.4964314888
0.6836607443,53.1926106655
0.6836607443,44.5240348466
0.6836607443,41.4343152702
0.6776476534,45.283620238
0.6776476534,40.8518841443
0.6776476534,64.8680050399
0.6776476534,41.236806492
0.6776476534,49.2985452988
0.6776476534,48.6993889304
0.6718051466,48.6993889304
0.6718051466,53.989564395
0.6718051466,45.8378573945
0.6718051466,55.0152419831
0.6718051466,49.4978834818
0.6718051466,60.8931217062
0.6658773467,55.8514412524
0.6658773467,48.1627778998
0.6658773467,42.8098116448
0.6658773467,70.7413096113
0.6658773467,48.5203521645
0.6658773467,43.1461909904
0.6597789646,43.1461909904
0.6597789646,48.0856558749
0.6597789646,48.2624719753
0.6597789646,45.6907814819
0.6597789646,50.5235322484
0.6597789646,48.0536596778
0.6537658745,51.1406632974
0.6537658745,47.8438420235
0.6537658745,44.9070763877
0.6537658745,44.9070763877
0.6517188644,48.1322636377
0.6517188644,44.2000777603
0.6517188644,42.618218787
0.6517188644,48.9299019514
0.6457910643,47.8107237322
0.6457910643,58.4600822206
0.6457910643,46.6685834752
0.6438293464,40.1465739391
0.6438293464,60.6070784641
0.6438293464,39.2707138786
0.6438293464,39.2707138786
0.6438293464,47.5053051498
0.6379441924,55.1685437179
0.6379441924,41.9335169921
0.6379441924,46.6357363731
0.6379441924,49.3259767936
0.6379441924,62.502388425
0.6379441924,42.6007870328
0.6320163926,42.0446024418
0.6320163926,47.7555237797
0.6320163926,47.7555237797
0.6320163926,39.8157886845
0.6320163926,40.0287613427
0.6320163926,55.5330913452
0.6260885925,48.7295546704
0.6260885925,51.0256668124
0.6260885925,47.4397314418
0.6260885925,46.9719209942
0.6260885925,39.1754711928
0.6260885925,46.9711725105
0.6201181464,49.4056017071
0.6201181464,49.4056017071
0.6201181464,43.3708891708
0.6201181464,43.3627807041
0.6180711363,48.2465741755
0.6180711363,48.2465741755
0.6180711363,55.3779637022
0.6180711363,50.365225365
0.6121433363,48.7374792708
0.6121433363,46.6696006001
0.6121433363,50.4714309725
0.6121433363,42.3853950358
0.6101816184,46.1783374623
0.6101816184,46.3290650601
0.6101816184,52.980905948
0.6101816184,52.980905948
0.6042964646,40.8277617175
0.6042964646,47.4197060766
0.6042964646,45.2010760389
0.6042964646,50.0995480901
0.6042964646,46.4738543656
0.6042964646,48.3823521906
0.5983686648,58.3739729162
0.5983686648,54.5953661321
0.5983686648,54.5953661321
0.5983686648,49.9088295815
0.5924408654,39.4743738254
0.5924408654,41.3241202897
0.5924408654,41.3241202897
0.5924408654,44.3350109953
0.5924408654,49.6682440605
0.5904791474,45.3046846461
0.5904791474,51.768204036
0.5904791474,60.5338751515
0.5904791474,42.606529143
0.5845939933,42.606529143
0.5845939933,53.0654145909
0.5845939933,41.1206975703
0.5845939933,43.4428047679
0.5825896295,38.3330222541
0.5825896295,52.020060662
0.5825896295,45.7828879879
0.5825896295,50.8477189835
0.5766191841,61.159175205
0.5766191841,46.9427163263
0.5766191841,46.9427163263
0.5766191841,42.2886606993
0.5766191841,49.6930745512
0.5766191841,42.7601777011
0.5706913863,47.8177528013
0.5706913863,54.7402430458
0.5706913863,41.0670072008
0.5706913863,55.4107128177
0.5706913863,42.481688807
0.5706913863,48.2015138553
0.5648062337,48.0273726102
0.5648062337,48.0273726102
0.5648062337,49.2868819799
0.5648062337,46.2527512547
0.5628018697,41.2119514615
0.5628018697,41.3620094771
0.5628018697,52.0153970469
0.5628018697,41.4061297356
0.5569593617,60.1728777404
0.5569593617,51.0090010434
0.5569593617,40.3887160334
0.5569593617,41.1787383354
0.5549976437,45.4152999156
0.5549976437,54.619852838
0.5549976437,42.828740339
0.5549976437,55.7078906269
0.5490271976,42.974245298
0.5490271976,54.5620093984
0.5490271976,42.7199198303
0.5490271976,46.5167016937
0.5490271976,46.5167016937
0.5490271976,44.2030768967
0.543099399,44.2030768967
0.543099399,51.5317747383
0.543099399,49.2548004927
0.543099399,46.5622011322
0.543099399,55.6446864812
0.5372568944,44.6035804221
0.5372568944,48.8854593261
0.5372568944,51.6226438195
0.5372568944,47.6702734013
0.5372568944,48.4296396277
0.5352098851,48.4296396277
0.5352098851,55.7380766986
0.5352098851,48.3422934347
0.5352098851,59.6729613962
0.5293673806,53.9111851966
0.5293673806,42.535891607
0.5293673806,57.8817933276
0.5293673806,42.5196972988
0.5274483102,46.4951189546
0.5274483102,58.4034223056
0.5274483102,58.4034223056
0.5274483102,43.6940718971
0.5216058057,43.6940718971
0.5216058057,57.1902057199
0.5216058057,44.9467406098
0.5216058057,43.1213198901
0.5216058057,50.1155915621
0.5216058057,45.40502734
0.5155500686,47.1516658171
0.5155500686,52.5397792207
0.5155500686,49.7585795527
0.5155500686,49.7585795527
0.5155500686,41.8389597672
0.5155500686,51.6881886739
0.5097502103,42.7427272585
0.5097502103,43.9368710767
0.5097502103,46.4014122105
0.5097502103,41.0539990432
0.507831141,52.4171954613
0.507831141,46.4133539859
0.507831141,44.4993817658
0.507831141,44.4993817658
0.5019459952,57.0105547354
0.5019459952,51.2735088221
0.5019459952,50.7951348115
0.5019459952,48.3718858208
0.5000269234,42.8898174376
0.5000269234,48.3139138758
0.5000269234,50.8202040834
0.5000269234,46.589190182
0.4941417693,43.4339370343
0.4941417693,58.0067751755
0.4941417693,58.0067751755
0.4921800513,49.4622107118
0.4921800513,49.4622107118
0.4921800513,41.808062562
0.4921800513,44.8681293527
0.4921800513,48.155396313
0.4862522512,47.7474431741
0.4862522512,49.6448062509
0.4862522512,52.8553276799
0.4862522512,43.0975968905
0.4842905332,43.0975968905
0.4842905332,59.873945524
0.4842905332,44.5708934701
0.4842905332,46.9719142079
0.4784053796,61.7056225429
0.4784053796,42.3464072178
0.4784053796,55.3128399198
0.4764863081,55.3128399198
0.4764863081,47.1697678474
0.4764863081,53.9441002603
0.4764863081,45.1299869337
0.4764863081,45.1299869337
0.4764863081,47.9026035173
0.4705585117,49.2906857544
0.4705585117,44.3330181597
0.4705585117,44.3330181597
0.4705585117,48.6770178076
0.4645454261,44.2393408555
0.4645454261,55.5577418598
0.4645454261,37.6476363382
0.4645454261,46.7002670002
0.4625837087,45.8275474419
0.4625837087,45.8275474419
0.4625837087,39.662189712
0.4625837087,57.7643881193
0.4567412034,49.0399686664
0.4567412034,44.4761810935
0.4567412034,55.9058343667
0.4567412034,48.2628394287
0.4547368411,43.4857956366
0.4547368411,43.8018357432
0.4547368411,48.2418569105
0.4547368411,48.2418569105
0.4488516939,42.7057240761
0.4488516939,54.1964645089
0.4488516939,51.0243579895
0.4488516939,55.5299438658
0.4488516939,47.2273282037
0.4488516939,53.3935724222
0.4430091913,48.7951704238
0.4430091913,45.1352934063
0.4430091913,45.150764321
0.4430091913,50.8202334953
0.4430091913,50.8202334953
0.4430091913,42.9402683231
0.4370813955,49.4630307223
0.4370813955,48.6130259876
0.4370813955,56.4351894129
0.4370813955,50.7758345914
0.4352049724,43.1116284679
0.4352049724,51.7515017119
0.4352049724,56.5666075821
0.4352049724,47.7861220805
0.4331579668,47.7861220805
0.4331579668,53.1889933929
0.4331579668,46.8413518945
0.4331579668,43.6772710872
0.4273581201,43.4659138148
0.4273581201,46.1648040115
0.4273581201,52.546606296
0.4273581201,58.5094291121
0.4214729931,49.2039751916
0.4214729931,49.2039751916
0.4214729931,47.8153693688
0.4214729931,47.8153693688
0.4214729931,46.4683229156
0.4214729931,50.3346598851
0.4155878736,51.778999634
0.4155878736,66.8677103667
0.4155878736,45.7493939715
0.4155878736,49.7888551717
0.4155878736,41.6674363514
0.4155878736,44.1054703912
0.4097027588,44.1054703912
0.4097027588,44.0663292156
0.4097027588,53.7378278861
0.4097027588,40.1733499621
0.4077410554,44.9529348521
0.4077410554,45.7017780646
0.4077410554,48.1930405027
0.4077410554,46.1675078227
0.4057367078,56.2276530359
0.4057367078,55.1426843179
0.4057367078,45.0662070277
0.3996810248,45.0662070277
0.3996810248,44.4396408807
0.3996810248,53.5671738065
0.3996810248,44.5071164393
0.3996810248,56.7024949833
0.393753285,42.4391411147
0.393753285,50.2207233227
0.393753285,53.2880245845
0.393753285,43.2065510339
0.393753285,53.3708281409
0.393753285,51.7561073145
0.387910825,51.7561073145
0.387910825,42.4004983576
0.387910825,50.5063158966
0.387910825,45.3481037236
0.387910825,51.1701198252
0.387910825,57.0899588936
0.3820257207,42.6808576492
0.3820257207,50.3396439027
0.3820257207,44.5662665269
0.3820257207,38.0195814874
0.3800213754,56.3638308279
0.3800213754,46.003455383
0.3800213754,46.003455383
0.3800213754,47.3565871655
0.3742642146,55.3359747779
0.3742642146,46.6848125469
0.3742642146,50.8262119914
0.3742642146,41.5435989573
0.3742642146,61.5258361206
0.3742642146,43.278963397
0.3681658906,46.8318537253
0.3681658906,44.4488930705
0.3681658906,44.4488930705
0.3681658906,53.8354256158
0.3681658906,54.7823249363
0.3681658906,51.1735019698
0.3623234377,50.3783423764
0.3623234377,47.3719147297
0.3623234377,45.6974278081
0.3623234377,43.5606575508
0.3623234377,48.6954417723
0.3623234377,55.9139003499
0.3623234377,50.2803910217
0.3563957,42.7631202559
0.3563957,47.6523796766
0.3563957,43.6054119416
0.3563957,62.6096637111
0.3563957,48.0411396524
0.3504253458,43.4221052243
0.3504253458,41.26719878
0.3504253458,58.8649403158
0.3504253458,60.9765799561
0.3504253458,56.6954279498
0.3504253458,56.6954279498
0.3445402854,56.0395566842
0.3445402854,59.0505989138
0.3445402854,47.7772134684
0.3445402854,47.9064947196
0.3445402854,42.0252505709
0.3445402854,55.4403160312
0.3386552535,44.6455205729
0.3386552535,44.6455205729
0.3386552535,43.7460248995
0.3386552535,52.3378762367
0.3386552535,48.7609703596
0.3386552535,46.804896341
0.3328981422,41.476082193
0.3328981422,40.483641307
0.3328981422,46.0110372651
0.3328981422,54.0620662263
0.3328981422,50.285139721
0.3328981422,55.1711018786
0.3270984228,38.8826785056
0.3270984228,45.8291914788
0.3270984228,45.8291914788
0.3270984228,55.5343359362
0.3270984228,55.5343359362
0.3270984228,45.6571835068
0.3211707738,41.5280712394
0.3211707738,51.6358462438
0.3211707738,56.8724001999
0.3211707738,40.7296962005
0.3191664525,52.7802265873
0.3191664525,51.0572181503
0.3191664525,44.4229185575
0.3191664525,46.0934823449
0.3131961299,46.0934823449
0.3131961299,51.3691404864
0.3131961299,41.1923753246
0.3131961299,39.8862959533
0.3131961299,39.8862959533
0.3131961299,52.6346122265
0.3072684376,42.2951907955
0.3072684376,50.8083919294
0.3072684376,45.7732480116
0.3072684376,56.3220908334
0.3072684376,56.3220908334
0.3072684376,48.65833873
0.3013407495,48.65833873
0.3013407495,46.2945709568
0.3013407495,53.8809764869
0.3013407495,60.077782485
0.3013407495,60.1600631635
0.3013407495,52.0123891347
0.295413047,39.0373615982
0.295413047,45.8587342986
0.295413047,51.716760967
0.295413047,51.716760967
0.295413047,45.203699716
0.295413047,59.6469536315
0.2895279764,59.6469536315
0.2895279764,52.0174229822
0.2895279764,45.8967500564
0.2895279764,46.9165420005
0.2895279764,45.0794227646
0.2895279764,46.5692853128
0.2836002427,46.5692853128
0.2836002427,56.8059210242
0.2836002427,48.4081329436
0.2836002427,43.5196268375
0.2836002427,49.1043838172
0.2836002427,41.1926969405
0.2776298823,39.5985848432
0.2776298823,55.7071679151
0.2776298823,52.3854100389
0.2776298823,41.1502055208
0.2776298823,59.8496598686
0.2776298823,43.1610303311
0.2717448679,43.1610303311
0.2717448679,54.3367994138
0.2717448679,48.7356246024
0.2717448679,48.0563801526
0.2717448679,43.9120639782
0.2717448679,45.0286521862
0.2657745483,61.7710728637
0.2657745483,43.3261842468
0.2657745483,44.5192389589
0.2657745483,62.0533261527
0.2657745483,62.0533261527
0.2657745483,40.2749057625
0.2597615691,57.8759471939
0.2597615691,48.8860653295
0.2597615691,45.0099738182
0.2597615691,45.0511664042
0.2597615691,59.5035976974
0.2597615691,62.0341334166
0.2538765441,62.0341334166
0.2538765441,45.4729307845
0.2538765441,46.1465308101
0.2538765441,40.9019820553
0.2538765441,40.9019820553
0.2538765441,49.2135968554
0.2479062282,49.2135968554
0.2479062282,44.3618735676
0.2479062282,46.2203360361
0.2479062282,45.7244067386
0.2479062282,60.3016946228
0.2479062282,48.2060844743
0.2419785306,48.2060844743
0.2419785306,58.4141514845
0.2419785306,58.4141514845
0.2419785306,54.8002879424
0.2419785306,51.7550765636
0.2419785306,56.6993204318
0.2360934773,49.5552968686
0.2360934773,45.9238613135
0.2360934773,45.9238613135
0.2340891487,46.7953795705
0.2340891487,46.7953795705
0.2340891487,46.7953795705
0.2340891487,47.611996927
0.2281187994,43.1106367484
0.2281187994,44.2110216715
0.2281187994,45.2566517849
0.2281187994,45.2566517849
0.2281187994,65.1948270056
0.2281187994,65.1948270056
0.2221057867,46.0363433916
0.2221057867,46.0363433916
0.2221057867,51.0568167264
0.2221057867,51.0568167264
0.2221057867,57.1379715523
0.2221057867,42.443462799
0.2161354031,42.443462799
0.2161354031,53.1690299545
0.2161354031,46.842314262
0.2161354031,65.0742645945
0.2161354031,48.1781621541
0.2161354031,48.1781621541
0.2101650229,41.7472319942
0.2101650229,45.9280114427
0.2101650229,49.786193766
0.2101650229,46.9853034475
0.2101650229,46.9853034475
0.2101650229,46.9853034475
0.2101650229,46.9853034475
0.2101650229,46.9853034475
0.2101650229,46.9853034475
0.2041093779,49.8608322701
0.2041093779,47.6916924775
0.2041093779,43.5327624545
0.2041093779,43.5327624545
0.1981390233,47.997319732
0.1981390233,54.2928290047
0.1981390233,54.2928290047
0.1981390233,43.8260526458
0.1981390233,43.8260526458
0.1920833718,45.7491950107
0.1920833718,45.7491950107
0.1920833718,53.7336271472
0.1920833718,49.1730049752
0.1920833718,43.8395699309
0.1920833718,60.506441736
0.186113011,60.506441736
0.186113011,49.390427573
0.186113011,49.390427573
0.186113011,52.8314055957
0.186113011,52.8314055957
0.186113011,51.8752372719
0.1801853194,54.8427922058
0.1801853194,46.008015641
0.1801853194,48.2506304425
0.1801853194,48.2506304425
0.1781809894,50.7600575199
0.1781809894,50.7600575199
0.1781809894,50.5762858821
0.1781809894,50.5762858821
0.1781809894,50.5762858821
0.1781809894,50.5762858821
0.1781809894,50.5762858821
0.1781809894,50.5762858821
0.1723385677,41.8604395385
0.1723385677,59.1896074321
0.1723385677,59.1896074321
0.1723385677,41.6222430896
0.166282864,41.6222430896
0.166282864,47.6780003425
0.166282864,48.8219166734
0.166282864,48.8219166734
0.1602698003,52.9743832176
0.1602698003,52.9743832176
0.1602698003,46.2266796435
0.1602698003,46.2266796435
0.1602698003,46.465687794
0.1602698003,46.465687794
0.1543420456,61.494337074
0.1543420456,41.0069958237
0.1543420456,45.579907979
0.1543420456,41.0642113793
0.1543420456,41.0642113793
0.1543420456,53.8611990725
0.1483716367,53.8611990725
0.1483716367,49.1585052977
0.1483716367,49.1585052977
0.1483716367,55.6194870198
0.1483716367,55.6194870198
0.1424438493,45.8250361878
0.1424438493,45.8250361878
0.1424438493,53.408037604
0.1424438493,51.0764554249
0.1424438493,56.3573609077
0.1404821365,50.4528008579
0.1404821365,50.4528008579
0.1404821365,57.4342421509
0.1404821365,57.4342421509
0.1346822933,46.5604991701
0.1346822933,49.4854219502
0.1346822933,44.3530096301
0.1346822933,59.9056806245
0.1346822933,59.9056806245
0.1346822933,55.74240189
0.1288398033,55.74240189
0.1288398033,54.4511711182
0.1288398033,54.4511711182
0.1288398033,53.5872813038
0.1288398033,39.91661235
0.1288398033,39.91661235
0.1228693659,50.9048888207
0.1228693659,50.9048888207
0.1228693659,47.0104351041
0.1228693659,47.0104351041
0.1209076493,60.97167528
0.1209076493,60.97167528
0.1209076493,42.5998529781
0.1209076493,52.7481139035
0.1150225,47.3640582361
0.1150225,51.0953158074
0.1150225,51.0953158074
0.1150225,52.6815119108
0.1130607847,52.6815119108
0.1130607847,47.1282309296
0.1130607847,47.1282309296
0.1130607847,57.9579282187
0.1130607847,48.8082670494
0.1130607847,41.3989532038
0.1070903475,48.7282016359
0.1070903475,48.7282016359
0.1070903475,44.0794776919
0.1070903475,44.0794776919
0.1010346158,60.1984833513
0.1010346158,60.1984833513
0.1010346158,47.263169169
0.1010346158,45.6479606871
0.1010346158,45.5755673997
0.1010346158,41.6225738976
